Unnamed: 0,题目分类,题型,题干,选项,答案
1,通用题库,01单选题,2013年6月6日，习近平就做好安全生产工作作出重要指示，要始终把人民生命安全放在首位，以对党和人民高度负责的精神，完善制度、强化责任、加强管理、严格监管，把（    ）落到实处，切实防范重特大安全生产事故的发生。,A-安全生产|B-生命至上|C-安全奖惩机制|D-安全生产责任制,D
2,通用题库,01单选题,"2013年11月24日,习近平总书记在青岛中石化“11·22”东黄输油管线爆燃事故现场发表重要讲话:企业要抓紧建立健全安全生产责任体系,（    ）必须亲力亲为、亲自动手抓。",A-总经理|B-董事长|C-党政一把手|D-分管领导,C
3,通用题库,01单选题,"2015年12月24日,习近平总书记在十八届中央政治局常委会第127次会议上关于安全生产工作重要讲话指出:采取（    ）工作机制,推动安全生产关口前移。",A-风险分级管控、隐患排查治理双重预防|B-风险分级管控|C-隐患排查治理|D-现场督查,A
4,通用题库,01单选题,2016年4月19日，习近平总书记在网络安全和信息化工作座谈会上讲话，全天候全方位感知（    ）安全态势。知己知彼，才能百战不殆。没有意识到风险是最大的风险。,A-信息|B-数据|C-网络|D-科技,C
5,通用题库,01单选题,"2016年10月11日,习近平总书记在中央全面深化改革领导小组第二十八次会议上发表重要讲话：推进安全生产领域改革发展，关键是要作出（    ）安排，依靠严密的责任体系、严格的法治措施、有效的体制机制、有力的基础保障和完善的系统治理，解决好安全生产领域的突出问题",A-系统性|B-依法治安|C-责任落实|D-制度性,D
6,通用题库,01单选题,"2018年11月9日,习近平总书记为国家综合性消防救援队伍授旗指出:组建（    ）队伍,是党中央适应国家治理体系和治理能力现代化作出的战略决策,是立足我国国情和灾害事故特点、构建新时代国家应急救援体系的重要举措,对提高防灾减灾救灾能力、维护社会公共安全、保护人民生命财产安全具有重大意义。",A-国家综合性消防救援队伍|B-国家安全生产应急救援队伍|C-国家综合性应急救援队伍|D-国家应急救援队伍,A
7,通用题库,01单选题,习近平总书记在2019年11月29日中共中央政治局第十九次集体学习时的讲话提出，（    ）是国家治理体系和治理能力的重要组成部分，承担防范化解重大安全风险、及时应对处置各类灾害事故的重要职责，担负保护人民群众生命财产安全和维护社会稳定的重要使命。,A-防震救灾|B-应急管理|C-安全生产|D-生产建设,B
8,通用题库,01单选题,2013年11月24日，习近平总书记到青岛市考察黄岛经济开发区输油管线事故抢险工作发表重要讲话，要深化安全生产大检查，彻底排除隐患。要建立（    ），实行谁检查、谁签字、谁负责，做到不打折扣、不留死角、不走过场，务必见到成效。,A-安全生产检查工作责任制|B-安全生产责任制|C-企业主体责任制|D-党政主要负责人责任制,A
9,通用题库,01单选题,习近平总书记在党的二十大报告中指出：必须坚定不移贯彻（    ），把维护国家安全贯穿党和国家工作各方面全过程，确保国家安全和社会稳定。,A-社会和谐稳定观|B-总体国家安全观|C-安全发展观|D-科学发展观,B
10,通用题库,01单选题,2023年1月，习近平春节前夕视频连线看望慰问基层干部群众时指出，坚持（    ），预防为主，建立大安全大应急框架，完善公共安全体系，推动公共安全治理模式向事前预防转型。推进安全生产风险专项整治，加强重点行业、重点领域安全监管。,A-生命第一|B-安全第一|C-人民至上|D-安全至上,B
11,通用题库,01单选题,新《安全生产法》规定，从业人员在作业过程中，应当严格落实（    ），遵守本单位的安全生产规章制度和操作规程，服从管理，正确佩戴和使用劳动防护用品。,A-岗位安全责任|B-安全生产责任制|C-岗位安全操作规程|D-生产责任制,A
12,通用题库,01单选题,新《安全生产法》规定，从业人员发现事故隐患或者其他不安全因素，应当（    ）向现场安全生产管理人员或者本单位负责人报告;接到报告的人员应当及时予以处理。,A-立即|B-在工作结束后|C-在工作不忙时|D-不予理睬,A
13,通用题库,01单选题,新《安全生产法》规定，因（    ）受到损害的从业人员，除依法享有工伤保险外，依照有关民事法律尚有获得赔偿的权利的，有权提出赔偿要求。,A-假期外出旅游|B-自然灾害|C-生产安全事故|D-外出办理私事,C
14,通用题库,01单选题,新《安全生产法》规定，生产经营单位必须为从业人员提供符合（    ）的劳动防护用品，并监督、教育从业人员按照使用规则佩戴、使用。,A-国家标准或者企业制度|B-国家标准或者行业标准|C-行业标准|D-地方标准,B
15,通用题库,01单选题,依据新《安全生产法》，生产经营单位与从业人员订立的劳动合同，应当载明有关的事项不包括（    ）。,A-保障从业人员劳动安全、防止职业危害的事项|B-依法为从业人员办理工伤保险的事项|C-免责条款|D-劳动报酬,C
16,通用题库,01单选题,万某、姚某、徐某3人被某劳务派遣公司派遣到一家公司工作。一天公司为从业人员发放劳动防护用品，但没有给他们3人发。公司负责人安某告诉他们说，由于你们和公司没有建立劳动关系，不是正式员工，按照国家规定由劳务派遣单位为你们提供劳动防护用品。徐某和他辩论说:“不对，你们应当把我们和其他人一样对待，提供劳动防护用品。”见两人争执不下，万某劝徐某说:“算了，咱就是个临时工，不给咱发也说得过去。”姚某说:“不给咱发也行，咱就干活儿拿钱，他们那些规章制度咱也不用听。”依据新《安全生产法》，以上人员说法正确的是（    ）。,A-徐某|B-万某|C-姚某|D-3人说法均错误,A
17,通用题库,01单选题,某企业开会讨论员工安全培训工作。张某认为，安全培训走走形式就行了，别耽误生产；李某认为，培训的重点是安全规章制度和操作规程，不要培训员工的安全生产权利；赵某认为，我没有经过培训照样上岗也没出事，培不培训无所谓；王某认为，培训内容应该与工作相关，培训考核不合格不能工作。根据新《安全生产法》的规定，下列员工中说法正确的是（    ）。,A-李某|B-赵某|C-王某|D-3人说法均错误,C
18,通用题库,01单选题,新《安全生产法》规定，生产经营单位新建、改建、扩建工程项目的（    ），必须与主体工程同时设计、同时施工、同时投入生产和使用。,A-生活设施|B-福利设施|C-安全设施|D-办公设施,C
19,通用题库,01单选题,新《安全生产法》规定，从业人员在作业过程中，应当严格落实（    ），遵守本单位的安全生产规章制度和操作规程，服从管理，正确佩戴和使用劳动防护用品。,A-岗位安全责任|B-安全生产责任制|C-岗位安全操作规程|D-生产责任制,A
20,通用题库,01单选题,新《安全生产法》规定，从业人员发现事故隐患或者其他不安全因素，应当（    ）向现场安全生产管理人员或者本单位负责人报告;接到报告的人员应当及时予以处理。,A-立即|B-在工作结束后|C-在工作不忙时|D-不予理睬,A
21,通用题库,01单选题,新《安全生产法》中规定，生产经营单位应当在有较大危险因素的生产经营场所和有关设施、设备上，设置明显的安全（    ）。,A-指示标志|B-指令标志|C-警示标志|D-逃生标志,C
22,通用题库,01单选题,新《安全生产法》规定，因（    ）受到损害的从业人员，除依法享有工伤保险外，依照有关民事法律尚有获得赔偿的权利的，有权提出赔偿要求。,A-假期外出旅游|B-自然灾害|C-生产安全事故|D-外出办理私事,C
23,通用题库,01单选题,万某、姚某、徐某3人被某劳务派遣公司派遣到一家公司工作。一天公司为从业人员发放劳动防护用品，但没有给他们3人发。公司负责人安某告诉他们说，由于你们和公司没有建立劳动关系，不是正式员工，按照国家规定由劳务派遣单位为你们提供劳动防护用品。徐某和他辩论说:“不对，你们应当把我们和其他人一样对待，提供劳动防护用品。”见两人争执不下，万某劝徐某说:“算了，咱就是个临时工，不给咱发也说得过去。”姚某说:“不给咱发也行，咱就干活儿拿钱，他们那些规章制度咱也不用听。”依据新《安全生产法》，以上人员说法正确的是（    ）。,A-徐某|B-万某|C-姚某|D-3人说法均错误,A
24,通用题库,01单选题,某企业开会讨论员工安全培训工作。张某认为，安全培训走走形式就行了，别耽误生产；李某认为，培训的重点是安全规章制度和操作规程，不要培训员工的安全生产权利；赵某认为，我没有经过培训照样上岗也没出事，培不培训无所谓；王某认为，培训内容应该与工作相关，培训考核不合格不能工作。根据新《安全生产法》，下列员工中说法正确的是（    ）。,A-李某|B-赵某|C-王某|D-3人说法均错误,C
25,通用题库,01单选题,新《安全生产法》规定，生产经营单位新建、改建、扩建工程项目的（    ），必须与主体工程同时设计、同时施工、同时投入生产和使用。,A-生活设施|B-福利设施|C-安全设施|D-办公设施,C
26,通用题库,01单选题,新《安全生产法》规定，生产经营单位应当建立（    ）档案，如实记录安全生产教育和培训的时间、内容、参加人员以及考核结果等情况。,A-员工个人家庭|B-安全生产教育和培训|C-业绩考核|D-业务能力,B
27,通用题库,01单选题,某电力工程公司进行地下电缆管道施工，李某作为项目经理违反安全管理规定安排工人作业，造成2名工人死亡。根据《刑法》修正案（十一）及相关司法解释，李某的行为涉嫌构成（    ）。,A-重大责任事故罪|B-一般责任事故罪|C-强令违章冒险作业罪|D-重大劳动安全事故罪,A
28,通用题库,01单选题,某电力公司的安全设施不符合国家规定，造成2名工人在进行电缆管道维修作业时死亡。根据《刑法》修正案（十一）及相关司法解释，关于犯罪主体及其罪名的说法，正确的是（    ）。,A-电力公司直接责任人员涉嫌构成重大责任事故罪|B-电力公司直接负责人的主管人员涉嫌构成重大劳动安全事故罪|C-电力公司负责人涉嫌构成强令违章冒险作业罪|D-电力公司安全管理人员涉嫌构成重大责任事故罪,B
29,通用题库,01单选题,某电力建设公司的安全生产条件不符合国家规定，导致施工现场发生了重大伤亡事故。根据《刑法》修正案（十一）及相关司法解释，该单位相关负责人涉嫌构成（    ）。,A-重大责任事故罪|B-玩忽职守罪|C-重大劳动安全事故罪|D-强令违章冒险作业罪,C
30,通用题库,01单选题,某矿井井下工人在工作时发现矿井通风设备出现故障，遂向当班副矿长报告。副矿长因急于下班回家，未及时安排人员维修，导致瓦斯聚集发生爆炸，造成21人死亡、1人重伤。依据《刑法》修正案（十一）的规定，副矿长的行为构成（    ）。,A-重大责任事故罪|B-玩忽职守罪|C-重大劳动安全事故罪|D-危险物品肇事罪,C
31,通用题库,01单选题,根据《刑法》修正案（十一）规定，失火罪处以（    ）年有期徒刑。,A-1-2年|B-2-3年|C-3-7年,C
32,通用题库,01单选题,老王经营一家鞋厂，未按照国家标准为临时用电的电气设备安装漏电保护装置，导致一名工人作业时触电死亡。根据《刑法》修正案（十一）的规定，老王的行为构成（    ）。,A-失职渎职罪|B-重大劳动安全事故罪|C-强令违章冒险作业罪,B
33,通用题库,01单选题,《刑法》修正案（十一）一百三十四条第二款，强令他人违章冒险作业，因而发生重大伤亡事故或者造成其他严重后果，处（    ）以下有期徒刑或者拘役。,A-一年|B-三年|C-五年,C
34,通用题库,01单选题,《刑法》修正案（十一）规定，对于强令他人违章冒险作业，因而发生重大伤亡事故或者造成其他严重后果，情节特别恶劣的，处（    ）年以上有期徒刑。,A-1|B-2|C-3|D-5,D
35,通用题库,01单选题,为保护人民群众生命财产安全，依法打击严重安全生产违法行为，《中华人民共和国刑法修正案(十一)》新增危险作业罪。下列行为中，涉嫌构成危险作业罪的是（    ）。,A-某企业员工李某破坏本企业防爆报警装置，具有发生重大伤亡事故的现实危险|B-某煤矿企业为逃避监管，矿长指示员工销毁超产能信息|C-某企业存在重大事故隐患被责令停产停业，主要负责人拒不不执行|D-某企业未取得危险化学品安全生产许可证，安排职工进行危险化学品生产,A
36,通用题库,01单选题,近年来，在生产、作业过程中违反安全管理制度事件频发，不仅对生产、作业人员，而且对其他不特定多数人的生命、健康和财产安全产生较大隐患，这种隐患一旦转化为安全生产事故，将造成难以估量的损失。为保护人民群众生命财产安全，依法打击严重安全生产违法行为，《中华人民共和国刑法修正案(十一)》新增危险作业罪。下列行为中，涉嫌构成危险作业罪的是（    ）。,A-某企业员工张三疏忽大意关闭报警装置|B-某企业涉及安全生产的事项未经依法批准或许可，擅自储存经营易制爆危险化学品等高度危险的生产作业活动，具有发生重大伤亡事故或其他严重后果的现实危险的|C-某企业未取得危险化学品经营许可证，进行危险化学品经营|D-某煤矿存在重大事故隐患被责令停止使用有关设备、设施，矿长拒不执行,B
37,通用题库,01单选题,某煤矿发生透水事故，当场死亡5人，主管安全生产的副总经理李某未向有关部门报告，贻误了事故抢险救援的时机，又导致3人死亡。依据《刑法》修正案（十一）及相关规定，对李某的刑事处罚，下列说法正确的是（    ）。,A-应处3年以下有期徒刑|B-应处7年以上有期徒刑|C-应处3年以上7年以下有期徒刑|D-应处以拘役,C
38,通用题库,01单选题,依据《刑法修正案（十一）》规定，从建筑物或者其他高空抛掷物品，情节严重的，处（  ）以下有期徒刑、拘役或者管制，并处或者单处罚金。,A-1年|B-2年|C-3年|D-半年,A
39,通用题库,01单选题,依据《刑法修正案（十一）》规定，下列哪个选项不属于安全生产管理机构或安全生产管理人员的义务？（  ）,A-组织或者参与拟订本单位安全生产规章制度、操作规程和安全生产事故应急救援预案|B-如实记录安全生产教育和培训情况|C-组织或参与本单位应急救援演练|D-保证本单位安全生产投入的有效实施,D
40,通用题库,01单选题,《电力安全事故应急处置和调查处理条例》规定，国务院电力监管机构依照《中华人民共和国突发事件应对法》和《国家突发公共事件总体应急预案》，组织编制国家处置电网大面积停电事件应急预案，报（    ）批准。,A-国务院|B-应急管理部|C公安部|D-商务部,A
41,通用题库,01单选题,依据《电力安全事故应急处置和调查处理条例》，电力企业应当按照国家有关规定，制定本企业（    ）预案。,A-事故应急|B-专项|C-人身伤亡|D-火灾,A
42,通用题库,01单选题,依据《电力安全事故应急处置和调查处理条例》，（    ）应当指导电力企业加强电力应急救援队伍建设，完善应急物资储备制度。,A-电力监管机构|B-国务院能源主管部门|C-国务院其他有关部门|D-地方人民政府及有关部门,A
43,通用题库,01单选题,依据《电力安全事故应急处置和调查处理条例》，事故造成地铁、机场、高层建筑、商场、影剧院、体育场馆等人员聚集场所停电的，应当迅速启用（    ），组织人员有序疏散。,A-应急电源|B-应急车辆|C-应急预案|D-应急照明,D
44,通用题库,01单选题,依据《电力安全事故应急处置和调查处理条例》，事故危及人身和设备安全的，发电厂、变电站（    ）可以按照有关规定，立即采取停运发电机组和输变电设备等紧急处置措施。,A-领导人员|B-运行值班人员|C-管理人员|D-值班长,B
45,通用题库,01单选题,依据《电力安全事故应急处置和调查处理条例》，事故造成重要电力用户供电中断的，重要电力用户应当按照有关技术要求迅速启动自备应急电源；启动自备应急电源无效的，（    ）应当提供必要的支援。,A-国务院能源主管部门|B-国务院其他有关部门|C-地方人民政府及有关部门|D-电网企业,D
46,通用题库,01单选题,依据《电力安全事故应急处置和调查处理条例》，事故发生后，有关电力企业应当立即采取相应的（    ），控制事故范围，防止发生电网系统性崩溃和瓦解。,A-紧急防范措施|B-应急处理方案|C-预防措施|D-紧急处置措施, D
47,通用题库,01单选题,依据《电力安全事故应急处置和调查处理条例》，事故造成重要电力用户供电中断的，重要电力用户应当按照有关技术要求（    ）。,A-恢复供电|B-切除故障设备|C-迅速启动自备应急电源|D-进行事故抢修,C
48,通用题库,01单选题,依据《电力安全事故应急处置和调查处理条例》，事故发生后，（     ）应当立即采取相应的紧急处置措施，控制事故范围，防止发生电网系统性崩溃和瓦解；事故危及人身和设备安全的，发电厂、变电站运行值班人员可以按照有关规定，立即采取停运发电机组和输变电设备等紧急处置措施。,A-国务院电力监管机构|B-国务院其他有关部门|C-有关地方人民政府|D-有关电力企业,D
49,通用题库,01单选题,《国家电网公司安全工作规定》规定，公司各级单位实行以各级（    ）为安全第一责任人的安全责任制，建立健全安全保证体系和安全监督体系，并充分发挥作用。,A-行政正职|B-主管安全领导|C-安全部门主任|D-分管安全领导,A
50,通用题库,01单选题,《国家电网公司安全工作规定》规定，公司各级单位的各部门、各岗位应有明确的安全管理职责，做到责任分担，并实行（    ）的安全逐级负责制。,A-上级对下级|B-下级对上级|C-三级安全网络|D-安全监督体系,B
51,通用题库,01单选题,《国家电网公司安全工作规定》规定，（    ）不属于地市公司级单位直属单位、县供电企业、公司直属单位下属单位子企业的安全目标。,A-不发生重伤及以上人身事故|B-不发生五级及以上人身事故|C-不发生一般及以上火灾事故|D-不发生本单位负同等及以上责任的重大交通事故,A
52,通用题库,01单选题,《国家电网公司安全工作规定》规定，督促、检查本单位安全工作，及时消除安全事故隐患是（    ）的安全工作的基本职责之一。,A-公司各级单位行政正职|B-公司各级单位行政副职|C-公司各级单位的各部门主任|D-公司各级单位成员,A
53,通用题库,01单选题,各级安委会成员部门按照（          ）的原则，负责专业范围内隐患排查治理工作。,A-“谁主管、谁负责”|B-“管业务必须管安全”|C-“全面排查、分级管理、闭环管控”|D-“业务相近”,B
54,通用题库,01单选题,各级单位应在每年（  ）底前，对照隐患排查标准，组织开展一次涵盖安全生产各领域、各专业、各环节的安全隐患全面排查。,A-3月底前|B-12月底前|C-6月底前|D-8月底前,C
55,通用题库,01单选题,各级（   ）应及时协调解决隐患治理有关事项，对需要多专业协同治理的明确治理责任、措施和资金，对于需要地方政府部门协调解决的应及时报告政府有关部门，对于超出本单位治理能力的应及时报送上级单位协调治理。,A-安委办|B-安监部|C-专业部门|D-安委会,D
56,通用题库,01单选题,重大隐患治理应执行(    )制度，实现闭环监管。,A-“两单一表”|B-“一单一表”|C-“两单两表”|D-“三单一表”,A
57,通用题库,01单选题,以下哪项不是国家能源局发布的《重大电力安全隐患判定标准(试行)》（国能综通安全〔2022〕123号）规定的重大电力安全隐患判定标准（）。,A-电网安全稳定控制系统以及直流控制保护系统参数、策略、定值计算和设定不正确|B-直流控保、直流配套安全稳定控制装置未按双重化配置|C-特高压换流变（油浸式平波电抗器）、乙炔、总烃等特征气体明显增高，内部存在局放，绝缘电阻和介损试验数据严重超标|D-220千伏及以上继电保护、稳控装置及其关联设备不满足双重化配置要求，直流电源、二次回路、保护通道等未独立,D
58,通用题库,01单选题,依据《重大电力安全隐患判定标准(试行)》（国能综通安全〔2022〕123号），（  ）输电通道内存在山火易燃物、施工外破、漂浮异物构成重大电力安全隐患。,A-重要|B-一般|C-密集|D-500千伏及以上,C
59,通用题库,01单选题,依据《重大电力安全隐患判定标准(试行)》（国能综通安全〔2022〕123号），（   ）及以上架空线路杆塔基础出现较大沉陷、严重开裂和显著上拔；铁塔主材弯曲度超标、连接螺栓松动；导、地线出现损伤、断股、严重腐蚀；金具本体出现变形、裂纹构成重大电力安全隐患。,A-750千伏|B-500千伏|C-220千伏|D-1000千伏,A
60,通用题库,01单选题,依据《重大火灾隐患判定方法》，单幢居住超过（  ）的施工驻地、员工宿舍等居住场所采用彩钢夹芯板搭建，且彩钢夹芯板芯材的燃烧性能等级低于GB 8624规定的A级,A-5人|B-10人|C-20人|D-15人,B
61,通用题库,01单选题,《国家电网有限公司安全工作奖惩规定》规定，公司所属各级单位应建立健全本单位安全奖惩工作机制，坚持依法合规、奖罚分明，制定（    ）实施办法，细化奖惩项目、标准，规范实施流程、职责，明确兑现方式、周期，及时开展安全奖惩并做好记录。,A-安全奖惩|B-安全监督|C-安全防控|D-安全治理,A
62,通用题库,01单选题,《国家电网有限公司安全工作奖惩规定》规定，公司按照企业负责人业绩考核有关规定，（    ）对省级公司及其领导班子成员安全工作情况进行考核。,A-每月|B-每季度|C-每年|D-每两年,C
63,通用题库,01单选题,发生事故各级单位的主要领导、分管领导依照《国家电网有限公司安全工作奖惩规定》规定，受到撤职处分的，自受处分之日起，（    ）年内不得担任公司所属生产经营单位的主要领导。,A-五|B-六|C-七|D-八,A
64,通用题库,01单选题,《国家电网公司安全工作奖惩规定》公司所属各级单位应建立健全（    ）机制，按照职责管理范围和安全责任，对安全工作情况进行考核，对发生事故的单位及责任人员进行处罚。,A-安全处罚|B-安全管理|C-分级处罚|D-奖惩管理,A
65,通用题库,01单选题,依据《国家电网有限公司安全事故调查规程》，发生八级人身、电网、设备和信息系统事件，应按资产关系或管理关系（    ）。,A-上报至上一级管理单位|B-直接上报公司总部|C-直接上报至省电力公司级单位|D-上报至同级管理单位,A
66,通用题库,01单选题,依据《国家电网有限公司安全事故调查规程》，公司系统各单位发生事故后，事故现场有关人员应当立即向（    ）或者电力调度机构值班人员报告。,A-本单位现场负责人|B-120|C-110|D-公司分管领导,A
67,通用题库,01单选题,依据《国家电网有限公司安全事故调查规程》，特别重大人身事故是指一次事故造成（    ）人以上死亡，或者100人以上重伤(包括生产性急性中毒)者。,A-3|B-10|C-30|D-50,C
68,通用题库,01单选题,依据《国家电网有限公司安全事故调查规程》，安全天数达到（    ）天为一个安全周期。,A-50|B-100|C-10|D-360,B
69,通用题库,01单选题,"依据《国家电网有限公司安全事故调查规程》,生产经营场所发生火灾为（    ）。",A-电网事件|B-设备事件|C-信息系统事件|D-人身事件,B
70,通用题库,01单选题,"依据《国家电网有限公司安全事故调查规程》,发生公司商密数据泄露、丢失或被窃取、篡改为（    ）。",A-电力监控事件|B-通信事件|C-信息系统事件|D-调控事件,C
71,通用题库,01单选题,《国家电网有限公司安全事故调查规程》指出：任何单位和个人（    ）发布事故信息。,A-可以|B-必须|C-不得擅自|D-视情况,C
72,通用题库,01单选题,依据《应急管理工作规定》，公司应急领导小组下设（    ）办公室和稳定应急办公室。,A-应急处置|B-事故救援|C-安全应急|D-事故调查,C
73,通用题库,01单选题,依据《应急管理工作规定》，（    ）是本单位应急工作第一责任人，对本单位的应急工作全面负责。,A-安监部负责人|B-党委书记|C-分管负责人|D-主要负责人,D
74,通用题库,01单选题,依据《应急管理工作规定》，应急救援人员经（    ）后，方可参加应急救援工作。,A-系统学习|B-培训合格|C-参与演练|D-上岗考试,B
75,通用题库,01单选题,依据《应急管理工作规定》，较大及以下突发事件，由（    ）负责处置，总部专项事件应急处置领导小组办公室跟踪事态发展。,A-应急救援基干分队|B-应急领导小组|C-专项应急领导小组|D-事发单位,D
76,通用题库,01单选题,依据《应急管理工作规定》，现场指挥部实行（    ）负责制，按照授权制定并实施现场应急救援方案，指挥、协调现场有关单位和个人开展应急救援。,A-应急救援基干分队队长|B-总指挥|C-单位分管领导|D-指挥长,B
77,通用题库,01单选题,2022年4月16日，国网四川电力眉山供电公司东坡区供电中心富牛供电所组织作业人员开展10千伏观土线绝缘化改造及消缺作业，工作小组共3名作业人员，分别为肖某某（小组负责人）、李某某（小组成员，死者）、杨某某（小组成员），10时50分，该小组完成观盛支线七处设备线夹更换作业后，乘坐由肖某某驾驶的车辆前往观土线30#杆，途中至10千伏观光线17#杆（运行线路）时，擅自扩大工作范围，组织开展观光线#17杆处设备线夹的更换工作，安排李某某更换线夹（非本次作业内容，为今年3月份开展的另一项由肖某某担任小组负责人的改造消缺项目遗留工作），李某某在未核对杆号牌的情况下登杆未验电，触电死亡，该事故暴露出的问题是：作业实施盲目、（）、专业管理粗放、安全意识不足、合规意识不强。,A-作业人员身体状况不好|B-现场组织无序|C-施工工器具管理不到位|D-作业人员安排不合理,B
78,通用题库,01单选题,2022年4月16日，国网四川电力眉山供电公司东坡区供电中心富牛供电所组织作业人员开展10千伏观土线绝缘化改造及消缺作业，工作小组共3名作业人员，分别为肖某某（小组负责人）、李某某（小组成员，死者）、杨某某（小组成员），10时50分，该小组完成观盛支线七处设备线夹更换作业后，乘坐由肖某某驾驶的车辆前往观土线30#杆，途中至10千伏观光线17#杆（运行线路），安排李某某更换线夹（非本次作业内容，为今年3月份开展的另一项由肖某某担任小组负责人的改造消缺项目遗留工作），李某某登杆未验电，触电死亡，该事故应吸取的主要教训叙述错误的是（）。,A-部分领导干部和管理人员安全责任不落实|B-对配（农）网小型分散作业风险管控不力|C-防误操作管理严重缺失|D-反违章工作力度层层衰减|E-对供电所安全投入保障、员工基础安全教育培训和农电员工的“同质化”管理需要进一步加强,C
79,专业题库,01单选题,依据变电安规，第一种工作票应在（    ）送达运维人员，可直接送达或通过传真、局域网传送，但传真传送的工作票许可应待正式工作票到达后履行。,A-工作当天|B-工作前一日|C-工作开工前|D-工作许可前,B
80,专业题库,01单选题,依据变电安规，变电站（发电厂）第二种工作票可采取电话许可方式，但应（    ），并各自作好记录。,A-汇报|B-双方确认|C-视频监控|D-录音,D
81,专业题库,01单选题,依据变电安规，专责监护人（    ）兼做其他工作。,A-可以|B-根据工作需要可|C-不得|D-在全部停电时可,C
82,专业题库,01单选题,依据变电安规，控制盘和低压配电盘、配电箱、电源干线上的工作应填用（    ）工作票。,A-第一种|B-第二种|C-电力电缆第二种|D-带电作业,B
83,专业题库,01单选题,依据变电安规，工作间断次日复工时，工作负责人应电话告知（    ），并重新认真检查确认安全措施是否符合工作票要求。,A-专责监护人|B-工作班成员|C-工作许可人|D-工作票签发人,C
84,专业题库,01单选题,依据变电安规，只有在同一停电系统的所有工作票都已终结，并得（    ）或运维负责人的许可指令后，方可合闸送电。,A-工作负责人|B-专责监护人|C-值班调控人员|D-工作票签发人,C
85,专业题库,01单选题,依据变电安规，总、分工作票在格式上与（　　）工作票一致。,A-事故紧急抢修单|B-第二种|C-第一种|D-带电作业,C
86,专业题库,01单选题,依据变电安规，第一种工作票所列工作地点超过两个，或有两个及以上不同的工作单位（班组）在一起工作时，可采用总工作票和分工作票。总、分工作票应由（    ）签发。,A-值班调控人员和工作票签发人|B-同一个工作票签发人|C-工作票签发人和工作负责人|D-不同的工作票签发人,B
87,专业题库,01单选题,依据变电安规，工作许可人在完成施工现场的安全措施后，会同工作负责人到现场（    ）安全措施，对具体的设备指明实际的隔离措施，证明检修设备确无电压。,A-分别做|B-共同做|C-了解|D-再次检查所做的,D
88,专业题库,01单选题,依据变电安规，若专责监护人必须长时间离开工作现场时，应由（　　）变更专责监护人，履行变更手续，并告知全体被监护人员。,A-工作票签发人|B-工作负责人|C-工作许可人|D-原专责监护人,B
89,专业题库,01单选题,依据变电安规，在原工作票的停电及安全措施范围内增加工作任务时，应由工作负责人征得工作票签发人和（　　）同意，并在工作票上增填工作项目。,A-值班调控人员|B-专责监护人|C-工作许可人|D-运维负责人,C
90,专业题库,01单选题,依据变电安规，工作票由设备运维管理单位签发，也可由经设备运维管理单位（    ）的检修及基建单位签发。,A-审核合格|B-授权|C-批准|D-审核合格且经批准,D
91,专业题库,01单选题,依据变电安规，（    ）、专责监护人应始终在工作现场，对工作班人员的安全认真监护，及时纠正不安全的行为。,A-工作负责人|B-工作许可人|C-工作票签发人|D-安监人员,A
92,专业题库,01单选题,依据变电安规，变电检修（施工）作业，（    ）认为有必要现场勘察的，检修（施工）单位应根据工作任务组织现场勘察，并填写现场勘察记录。,A-工作票签发人或工作负责人|B-工作票签发人或工作许可人|C-工作许可人或工作负责人|D-工作票签发人或专责监护人,A
93,专业题库,01单选题,依据变电安规，检修及基建单位的工作票签发人、工作负责人名单应事先送有关（    ）备案。,A-安监部门、调度控制中心|B-设备运维管理单位、安监部门|C-设备运维管理单位、调度控制中心|D-基建单位、安监部门,C
94,专业题库,01单选题,依据变电安规，与邻近带电设备距离小于表1（设备不停电时的安全距离）、大于表4（带电作业时人身与带电体间的安全距离）规定的工作应填用（    ）。,A-带电作业工作票|B-第一种工作票|C-第二种工作票|D-事故紧急抢修单,A
95,专业题库,01单选题,依据变电安规，非运维人员用绝缘棒、核相器和电压互感器定相或用钳型电流表测量高压回路的电流的工作，应填用（    ）工作票。,A-二次工作安全措施|B-第一种|C-第二种|D-带电作业,C
96,专业题库,01单选题,依据变电安规，工作许可手续完成后，工作负责人（    ）应向工作班成员交待工作内容、人员分工、带电部位和现场安全措施，进行危险点告知，并履行确认手续，工作班方可开始工作。,A-专责监护人|B-工作许可人|C-工作票签发人|D-小组负责人,A
97,专业题库,01单选题,依据变电安规，非连续进行的事故修复工作，应使用（    ）。,A-工作票|B-事故紧急抢修单|C-施工作业票|D-工作任务单,A
98,专业题库,01单选题,依据变电安规，持线路或电缆工作票进入变电站或发电厂升压站进行架空线路、电缆等工作，应增填工作票份数，由（　　）许可，并留存。,A-变电站或发电厂工作许可人|B-值班调控人员|C-施工单位负责人|D-现场专责监护人,A
99,专业题库,01单选题,依据变电安规，二次系统和照明等回路上的工作，无需将高压设备停电者或做安全措施者应填用（    ）工作票。,A-二次工作安全措施|B-第二种|C-第一种|D-带电作业,B
100,专业题库,01单选题,依据变电安规，工作票若至预定时间，一部分工作尚未完成，需继续工作而不妨碍送电者，在送电前，应按照送电后现场设备带电情况，（    ），布置好安全措施后，方可继续工作。,A-办理新的工作票|B-修改原工作票|C-交待现场安全注意事项|D-向工作班成员告知危险点,A
101,专业题库,01单选题,依据变电安规，同一变电站内在几个电气连接部分上依次进行不停电的同一类型的工作，可以使用一张（    ）工作票。,A-第一种|B-第二种|C-带电作业|D-电力电缆,B
102,专业题库,01单选题,依据变电安规，需要变更工作班成员时，应经工作负责人同意，在对新的作业人员进行（    ）后，方可进行工作。,A-安规考试|B-安全知识培训|C-安全交底手续|D-口头允许,C
103,专业题库,01单选题,依据变电安规，直流保护装置、通道和控制系统的工作，需要将高压直流系统停用者应填用（    ）工作票。,A-二次工作安全措施|B-第二种|C-第一种|D-带电作业,C
104,专业题库,01单选题,依据变电安规，工作期间，若工作负责人必须长时间离开工作现场时，应由（    ）变更工作负责人，履行变更手续，并告知全体作业人员及工作许可人。原、现工作负责人应做好必要的交接。,A-原工作票签发人|B-工区领导|C-运维负责人|D-值班调控人员,A
105,专业题库,01单选题,依据变电安规，承发包工程中，工作票（    ）。,A-必须由设备运维单位签发|B-必须由承包单位签发|C-可实行“双签发”形式|D-必须由主管部门签发,C
106,专业题库,01单选题,依据变电安规，高压设备上工作需要全部停电或部分停电者应填用（    ）工作票。,A-第一种|B-第二种|C-事故紧急抢修单|D-带电作业,A
107,专业题库,01单选题,依据变电安规，现场勘察工作应由（    ）组织。,A-工作票签发人或工作负责人|B-工作票签发人或工作许可人|C-工作许可人或工作负责人|D-工作票签发人或专责监护人,A
108,专业题库,01单选题,依据变电安规，一张工作票上所列的检修设备应同时停、送电，开工前工作票内的全部安全措施应（    ）。,A-一次完成|B-分两次完成|C-根据工作需要分别完成|D-可间断完成,A
109,专业题库,01单选题,依据变电安规，换流变压器、直流场设备及阀厅设备需要将高压直流系统或直流滤波器停用者应填用（    ）工作票。,A-二次工作安全措施|B-第二种|C-第一种|D-带电作业,C
110,专业题库,01单选题,依据变电安规，检修及基建单位的（    ）应事先送有关设备运维管理单位、调度控制中心备案。,A-工作许可人名单|B-工作票签发人、工作负责人名单|C-专责监护人名单|D-工作班成员名单,B
111,专业题库,01单选题,依据变电安规，工作负责人、工作许可人任何一方不得擅自变更（    ），工作中如有特殊情况需要变更时，应先取得对方的同意并及时恢复。,A-组织措施|B-事故紧急处理措施|C-安全措施|D-检修方案,C
112,专业题库,01单选题,依据变电安规，工作票若至预定时间，一部分工作尚未完成，需继续工作而不妨碍送电者，在送电前，应按照（    ），办理新的工作票，布置好安全措施后，方可继续工作。,A-原工作票|B-送电后现场设备带电情况|C-工作票签发人要求|D-运维值班员要求,B
113,专业题库,01单选题,依据变电安规，工作票由（    ）签发，也可由经设备运维管理单位审核合格且经批准的检修及基建单位签发。,A-调控中心|B-设备检修单位|C-设备运维管理单位|D-安监部门,C
114,专业题库,01单选题,依据变电安规，工作许可人对工作票所列内容即使发生很小疑问，也应向（    ）询问清楚，必要时应要求作详细补充。,A-工作负责人|B-工作票签发人|C-运维负责人|D-工区领导,B
115,专业题库,01单选题,依据变电安规，转动中的发电机、同期调相机的励磁回路或高压电动机转子电阻回路上的工作应填用（    ）工作票。,A-二次工作安全措施|B-第一种|C-第二种|D-带电作业,C
116,专业题库,01单选题,依据变电安规，在原工作票的停电及安全措施范围内增加工作任务时，应由工作负责人征得工作票签发人和工作许可人同意，并在工作票上增填（    ）。,A-安全措施|B-工作地点|C-工作项目|D-工作时间,C
117,专业题库,01单选题,依据变电安规，若工作需要（如测量极性、回路导通实验、光纤回路检查等），而且现场设备允许时，可以准许工作班中有实际经验的一个人或几人同时在它室进行工作，但（    ）应在事前将有关安全注意事项予以详尽的告知。,A-专责监护人|B-工作许可人|C-工作票签发人|D-工作负责人,D
118,专业题库,01单选题,依据变电安规，间断后继续工作，若无（    ）带领，作业人员不得进入工作地点。,A-工作票签发人和专责监护人|B-工作负责人和专责监护人|C-工作负责人和工作许可人|D-工作票签发人和专责监护人,B
119,专业题库,01单选题,依据变电安规，用计算机生成或打印的工作票应使用统一的票面格式，由（    ）审核无误，手工或电子签名后方可执行。,A-工作许可人|B-工作负责人|C-工作票签发人|D-专责监护人,C
120,专业题库,01单选题,依据变电安规，变更工作负责人或增加工作任务，如（    ）无法当面办理，应通过电话联系，并在工作票登记薄和工作票上注明。,A-工作票签发人和工作许可人|B-工作票签发人或工作许可人|C-工作票签发人和专责监护人|D-工作票签发人或专责监护人,A
121,专业题库,01单选题,依据变电安规，持线路或电缆工作票进入变电站或发电厂升压站进行架空线路、电缆等工作，应（    ），由变电站或发电厂工作许可人许可，并留存。,A-重新办理工作票|B-增添工作票份数|C-向调控值班人员汇报|D-办理进站相关手续,B
122,专业题库,01单选题,依据变电安规，高压电力电缆需停电的工作，应填用（　　）工作票。,A-第一种|B-第二种|C-事故紧急抢修单|D-带电作业,A
123,专业题库,01单选题,依据变电安规，第二种工作票和带电作业工作票（    ）交给工作许可人。,A-可在工作许可后|B-需在工作前一日|C-可在进行工作的当天预先|D-需在现场安全措施布置的同时,C
124,专业题库,01单选题,依据变电安规，需要变更工作班成员时，应经（　　）同意，在对新的作业人员进行安全交底手续后，方可进行工作。,A-工作许可人|B-工作负责人|C-工作票签发人|D-专责监护人,B
125,专业题库,01单选题,依据变电安规，工作许可人在完成施工现场的安全措施后，还应会同（    ）到现场再次检查所做的安全措施，对具体的设备指明实际的隔离措施，证明检修设备却无电压。,A-工作负责人|B-工作票签发人|C-专责监护人|D-工作班成员,A
126,专业题库,01单选题,依据变电安规，高压电力电缆不需停电的工作，应填用（    ）工作票。,A-电力电缆第一种|B-第一种|C-第二种|D-带电作业,C
127,专业题库,01单选题,依据变电安规，换流阀冷却系统、阀厅空调系统、火灾报警系统及图像监视系统等工作，需要将高压直流系统停用者应填用（    ）工作票。,A-二次工作安全措施|B-第二种|C-第一种|D-带电作业,C
128,专业题库,01单选题,依据变电安规，工作票一份应保存在工作地点，由（    ）收执；另一份由工作许可人收执，按值移交。,A-工作票签发人|B-专责监护人|C-工作负责人|D-变电运维负责人,C
129,专业题库,01单选题,依据变电安规，检修工作结束以前，对设备进行加压试验后，工作班若需继续工作时，应（    ）。,A-重新履行工作许可手续|B-办理新的工作票|C-重新布置安全措施|D-重新对工作班组成员交待安全措施,A
130,专业题库,01单选题,依据变电安规，一张工作票中，（    ）不得互相兼任。,A-工作许可人与工作负责人|B-工作票签发人与工作许可人|C-工作票签发人与工作负责人 |D-工作票签发人、工作负责人（工作许可人）,A
131,专业题库,01单选题,依据变电安规，非特殊情况不得变更工作负责人，如确需变更工作负责人应由工作票签发人同意并通知（    ）。,A-值班调控人员|B-工作班成员|C-工作许可人|D-运维负责人,C
132,专业题库,01单选题,依据变电安规，承发包工程中，工作票可实行“双签发”形式。签发工作票时，双方（    ）在工作票上分别签名，各自承担本部分工作票签发人相应的安全责任。,A-工作票签发人|B-工作负责人|C-项目负责人|D-专责监护人,A
133,专业题库,01单选题,依据变电安规，变电站（发电厂）第二种工作票可采取电话许可方式，但应录音，并各自作好记录。采取电话许可的工作票，工作所需安全措施可由工作人员自行布置，工作结束后应汇报（    ）。,A-工作负责人|B-工作票签发人|C-工作许可人|D-监护人,C
134,专业题库,01单选题,依据变电安规，二次系统和照明等回路上的工作，需要将高压设备停电者或做安全措施者应填用（    ）工作票。,A-二次工作安全措施|B-第二种|C-第一种|D-带电作业,C
135,专业题库,01单选题,依据变电安规，第一、二种工作票需办理延期手续，应在工期尚未结束以前由（    ）提出申请。,A-工作负责人向工作票签发人|B-工作许可人向运维负责人|C-工作负责人向运维负责人|D-工作许可人向工作票签发人,C
136,专业题库,01单选题,依据变电安规，已终结的工作票、事故紧急抢修单应保存（    ）。,A-1个季度|B-半年|C-1年|D-2年,C
137,专业题库,01单选题,依据变电安规，工作许可人在完成施工现场的安全措施后，还应对工作负责人指明（    ）,A-注意事项|B-不带电设备位置|C-现场劳动防护用品的正确方法|D-带电设备的位置和注意事项,D
138,专业题库,01单选题,依据变电安规，在220kV设备检修中，作业人员与邻近带电设备距离为2.5m时，应填用（    ）。,A-带电作业工作票|B-第一种工作票|C-第二种工作票|D-事故紧急抢修单,A
139,专业题库,01单选题,依据变电安规，第一、二种工作票和带电作业工作票的有效时间，以（    ）为限。,A-周计划指定的检修期|B-申请的检修期|C-批准的检修期|D-月度计划指定的检修,C
140,专业题库,01单选题,依据变电安规，分工作票应一式两份，由（    ）和分工作票负责人分别收执。,A-工作许可人|B-总工作票负责人|C-运维管理单位负责人|D-施工单位负责人,B
141,专业题库,01单选题,任何人发现有违反《电力安全工作规程 变电部分》的情况，应（　　），经纠正后才能恢复作业。,A-批评教育|B-严肃指出|C-立即制止|D-立即汇报,C
142,专业题库,01单选题,依据变电安规，因故间断电气工作连续（    ）个月以上者，应重新学习《电力安全工作规程 变电部分》，并经考试合格后，方能恢复工作。,A-一|B-二|C-三|D-六,C
143,专业题库,01单选题,依据变电安规，参与公司系统所承担电气工作的外单位或外来工作人员应熟悉《电力安全工作规程 变电部分》，经考试合格，并经（　　）认可，方可参加工作。,A-相关单位分管领导|B-设备运维管理单位|C-安全监督管理部门|D-调度控制中心,B
144,专业题库,01单选题,依据变电安规，各类作业人员应被告知其作业现场和工作岗位存在的危险因素、防范措施及（　　）。,A-事故紧急处理措施|B-紧急救护措施|C-应急预案|D-逃生方法,A
145,专业题库,01单选题,依据变电安规，新参加电气工作的人员、实习人员和临时参加劳动的人员（管理人员、非全日制用工等），应经过（　　）后，方可到现场参加指定的工作，并且不得单独工作。,A-岗位技能培训|B-安全知识教育|C-领导批准|D-电气知识培训,B
146,专业题库,01单选题,依据变电安规，作业人员应经医师鉴定，无妨碍工作的病症，[体格检查每（　　）至少一次]。,A-半年|B-一年|C-两年|D-三年,C
147,专业题库,01单选题,依据变电安规，在试验和推广新技术、新工艺、新设备、新材料的同时，应制定相应的（　　），经本单位批准后执行。,A-安全措施|B-技术措施|C-组织措施|D-反事故措施,A
148,专业题库,01单选题,依据变电安规，各类作业人员应接受相应的安全生产教育和岗位技能培训，经（    ）上岗。,A-领导批准|B-师傅带领|C-考试合格|D-现场实习,C
149,专业题库,01单选题,依据变电安规，进入作业现场应正确佩戴安全帽，现场作业人员应穿（    ）、绝缘鞋。,A-绝缘服|B-屏蔽服|C-防静电服|D-全棉长袖工作服,D
150,专业题库,01单选题,依据变电安规，现场使用的安全工器具应（　　）并符合有关要求。,A-规范|B-合格|C-齐备|D-可靠,B
151,专业题库,01单选题,作业人员对《电力安全工作规程 变电部分》应（    ）考试一次。,A-每半年|B-每年|C-一每两年|D-每三年,B
152,专业题库,01单选题,依据变电安规，作业人员应具备必要的安全生产知识，学会紧急救护法，特别要学会（    ）。,A-创伤急救|B-溺水急救|C-触电急救|D-高空急救,C
153,专业题库,01单选题,依据变电安规，进入作业现场应正确佩戴（    ），现场作业人员应穿全棉长袖工作服、绝缘鞋。,A-岗位标识|B-上岗证|C-工作牌|D-安全帽,D
154,专业题库,01单选题,依据变电安规，作业现场的生产条件和安全设施等应符合有关标准、规范的要求，工作人员的（　　）应合格、齐备。,A-劳动防护用品|B-安全工器具|C-施工机具|D-装备,A
155,专业题库,01单选题,作业人员应具备必要的电气知识和业务技能，且按工作性质，熟悉《电力安全工作规程 变电部分》的相关部分，并经（　　）。,A-专业培训|B-考试合格|C-技能培训|D-现场实习,B
156,专业题库,01单选题,依据变电安规，经常有人工作的场所及施工车辆上宜配备急救箱，存放急救用品，并应指定（　　）经常检查、补充或更换。,A-技术员|B-管理员|C-单人|D-专人,D
157,专业题库,01单选题,依据变电安规，低［电］压：用于配电的交流系统中（    ）的电压等级。,A-220V以下|B-220V及以下|C-1000V以下|D-1000V及以下,D
158,专业题库,01单选题,依据变电安规，（　　）及以上的电气设备，可采用间接验电方法进行验电。,A-35kV|B-110kV|C-220kV|D-330kV,D
159,专业题库,01单选题,依据变电安规，如果线路上有人工作，应在线路断路器（开关）和隔离开关（刀闸）操作把手上悬挂（    ）的标示牌。,A-“止步，高压危险！”|B-“禁止合闸，有人工作！”|C-“禁止合闸，线路有人工作！”|D-“在此工作！”,C
160,专业题库,01单选题,依据变电安规，成套接地线应由有透明护套的多股软铜线和专用线夹组成，接地线截面积不得小于（　　）mm2，同时应满足装设地点短路电流的要求。,A-10|B-16|C-20|D-25,D
161,专业题库,01单选题,依据变电安规，在室外高压设备上工作，工作地点四周围栏上悬挂适当数量的（　　）标示牌，标示牌应朝向围栏里面。,A-“从此进出！”|B-“在此工作！”|C-“止步，高压危险！”|D-“从此上下！”,C
162,专业题库,01单选题,依据变电安规，任何运行中的星形接线设备的中性点，应视为（    ）,A-不带电设备|B-带电设备|C-运行设备|D-停运设备,B
163,专业题库,01单选题,依据变电安规，装、拆接地线导体端均应使用绝缘棒和戴（　　）。,A-绝缘手套|B-线手套|C-护目镜|D-橡胶手套,A
164,专业题库,01单选题,依据变电安规，高压开关柜内手车开关拉出后，隔离带电部位的挡板封闭后（    ），并设置“止步，高压危险！”的标示牌。,A-禁止开启|B-必须专人看守|C-立即接地|D-应填写在运行记录内,A
165,专业题库,01单选题,依据变电安规，装、拆接地线时，人体不得（　　）接地线或未接地的导线，以防止触电。,A-靠近|B-碰触|C-临近|D-贴近,B
166,专业题库,01单选题,依据变电安规，在配电装置上，接地线应装在该装置导电部分的规定地点，应去除这些地点的油漆或绝缘层，并划有（    ）标记。,A-红色|B-绿色|C-黑色|D-黄色,C
167,专业题库,01单选题,依据变电安规，在室外高压设备上工作，若室外配电装置的大部分设备停电，只有个别地点保留有带电设备而其他设备无触及带电导体的可能时，可以在带电设备四周装设全封闭围栏，围栏上悬挂适当数量的（    ）标示牌，标示牌应朝向围栏外面。,A-“从此进出！” |B-“在此工作！”|C-“止步，高压危险！”|D-“禁止攀登，高压危险！”,C
168,专业题库,01单选题,依据变电安规，降压变电站全部停电时，应将（    ）的部分接地短路，其余部分不必每段都装设接地线或合上接地刀闸（装置）。,A-电源侧|B-各个可能来电侧|C-负荷侧|D-来电侧,B
169,专业题库,01单选题,依据变电安规，在工作地点设置（    ）的标示牌。,A-“在此工作！”|B-“从此进出！”|C-“止步，高压危险！” |D-“禁止合闸，有人工作！”,A
170,专业题库,01单选题,依据变电安规，对由于设备原因，接地刀闸（装置）与检修设备之间连有断路器（开关），在接地刀闸（装置）和断路器（开关）合上后，在断路器（开关）操作把手上，应悬挂（    ）的标示牌。,A-“禁止合闸，有人工作！”|B-“禁止分闸！”|C-“禁止合闸，线路有人工作！”|D-“止步，高压危险！”,B
171,专业题库,01单选题,依据变电安规，所有配电装置的适当地点，均应设有与（    ）相连的接地端，接地电阻应合格。,A-检修设备|B-接地网|C-带电设备|D-停电设备,B
172,专业题库,01单选题,依据变电安规，对由于设备原因，（    ）与检修设备之间连有断路器（开关），在接地刀闸（装置）和断路器（开关）合上后，在断路器（开关）操作把手上，应悬挂“禁止分闸！”的标示牌。,A-停电设备|B-接地刀闸（装置）|C-非检修设备|D-隔离开关(刀闸),B
173,专业题库,01单选题,依据变电安规，作业人员工作中正常活动范围与35kV设备带电部分的安全距离小于（　　）m时，设备应停电。,A-1.50|B-1.00|C-0.75|D-0.60,D
174,专业题库,01单选题,依据变电安规，与停电设备有关的变压器和电压互感器，应将设备（    ）断开，防止向停电检修设备反送电。,A-各侧|B-高压侧|C-低压侧|D-带电侧,A
175,专业题库,01单选题,依据变电安规，停电接地时，检修部分若分为几个在电气上不相连接的部分[如分段母线以隔离开关（刀闸）或断路器（开关）隔开分成几段]，则各段应（    ）。,A-分别验电接地短路|B-在来电侧接地短路|C-在来电侧验电接地短路|D-在母线侧接地短路,A
176,专业题库,01单选题,依据变电安规，对于因平行或邻近带电设备导致检修设备可能产生感应电压时，应加装（　　）。,A-标示牌|B-围栏|C-隔离挡板|D-工作接地线或使用个人保安线,D
177,专业题库,01单选题,依据变电安规，220kV设备验电时，人体应与验电设备保持（    ）m安全距离。,A-3.00|B-2.80|C-2.70|D-2.55,A
178,专业题库,01单选题,依据变电安规，对于可能送电至停电设备的（    ）都应装设接地线或合上接地刀闸（装置），所装接地线与带电部分应考虑接地线摆动时仍符合安全距离的规定。,A-线路侧|B-母线侧|C-各方面|D-负荷侧,C
179,专业题库,01单选题,依据变电安规，室外构架上工作，在作业人员上下铁架或梯子上，应悬挂（    ）的标示牌。,A-“禁止攀登，高压危险！”|B-“在此工作！”|C-“止步，高压危险！”|D-“从此上下！”,D
180,专业题库,01单选题,依据变电安规，接地线、接地刀闸与检修设备之间不得连有（    ）。,A-断路器(开关）或熔断器|B-断路器（开关）或隔离开关（刀闸）|C-任何设备|D-隔离开关(刀闸)或熔断器,A
181,专业题库,01单选题,依据变电安规，66kV、110kV设备验电时，人体应与验电设备保持（    ）m安全距离。,A-1.50|B-1.40|C-1.15|D-1.00,A
182,专业题库,01单选题,依据变电安规，在一经合闸即可送电到工作地点的断路器（开关）和隔离开关（刀闸）的操作把手上，均应悬挂（　　）的标示牌。,A-“禁止合闸，有人工作！”|B-“禁止合闸，线路有人工作！”|C-“禁止分闸！”|D-“禁止攀登，高压危险！”,A
183,专业题库,01单选题,依据变电安规，（　　）kV及以下设备可用与带电部分直接接触的绝缘隔板代替临时遮栏。,A-35|B-110|C-220|D-330,A
184,专业题库,01单选题,依据变电安规，装设接地线应（　　）。,"A-先接电源侧,后接负荷侧|B-先接导体端，后接接地端|C-先接接地端，后接导体端|D-先接负荷侧,后接电源侧",C
185,专业题库,01单选题,依据变电安规，在配电装置上，接地线应装在该装置（    ）的规定地点，应去除这些地点的油漆或绝缘层，并划有黑色标记。,A-导电部分|B-绝缘部分|C-裸露部分|D-检修部分,A
186,专业题库,01单选题,依据变电安规，直流换流站单极停电工作，应在双极公共区域设备与停电区域之间设置围栏，在围栏面向停电设备及运行阀厅门口悬挂（    ）标示牌。,A-“止步、高压危险！”|B-“从此进出！”|C-“在此工作！”|D-“禁止攀登，高压危险！”,A
187,专业题库,01单选题,依据变电安规，在门型构架的线路侧进行停电检修，如工作地点与所装接地线的距离小于（    ），工作地点虽在接地线外侧，也可不另装接地线。,A-10m|B-12m|C-14m|D-16m,A
188,专业题库,01单选题,依据变电安规，室外构架上工作，在邻近其他可能误登的带电构架上，应悬挂（　　）的标示牌。,A-“禁止攀登，高压危险！”|B-“在此工作！”|C-“止步，高压危险！”|D-“从此上下！”,A
189,专业题库,01单选题,依据变电安规，在室内高压设备上工作，应在工作地点两旁及对面运行设备间隔的遮栏（围栏）上和禁止通行的过道遮栏（围栏）上悬挂（    ）的标示牌。,A-“止步，高压危险！”|B-“从此进出！”|C-“禁止合闸！”|D-“在此工作！”,A
190,专业题库,01单选题,依据变电安规，采用间接验电判断时，至少应有（    ）的指示发生对应变化，且所有这些确定的指示均已同时发生对应变化，才能确认该设备已无电。,A-两个非同样原理或非同源|B-三个非同样原理或非同源|C-两个非同样原理和非同源|D-三个非同样原理和非同源,A
191,专业题库,01单选题,依据变电安规，验电时，应使用（    ），在装设接地线或合接地线刀闸（装置）处对各相分别验电。,A-不小于相应电压等级且合格的感应式验电器|B-相应电压等级且合格的接触式验电器|C-相应电压等级且合格的感应式验电器|D-不小于相应电压等级且合格的接触式验电器,B
192,专业题库,01单选题,依据变电安规，高压开关柜内手车开关拉出后，隔离带电部位的挡板封闭后禁止开启，并设置（    ）的标示牌。,A-“止步，高压危险！”|B-“禁止合闸，有人工作！”|C-“禁止合闸，线路有人工作！”|D-“在此工作！”,A
193,专业题库,01单选题,依据变电安规，高压回路上的工作，必须要拆除全部或一部分接地线后始能进行工作者，应征得（    ）的许可（根据调控人员指令装设的接地线，应征得调控人员的许可），方可进行。工作完毕后立即恢复。,A-工作票签发人|B-工作负责人|C-运维人员|D-监护人,C
194,专业题库,01单选题,依据变电安规，个人保安线由（    ）。,A-作业人员自装自拆|B-工作许可人装拆|C-工作负责人装拆|D-专责监护人装拆,A
195,专业题库,01单选题,依据变电安规，雨雪天气时不得进行（    ）验电。,A-室外直接|B-室内直接|C-室外间接|D-室内间接,A
196,专业题库,01单选题,依据变电安规，高压验电应（    ）。,A-戴线手套|B-穿防电弧服|C-戴护目眼镜|D-戴绝缘手套,D
197,专业题库,01单选题,依据变电安规，在室外构架上工作，则应在工作地点邻近带电部分的横梁上，悬挂（    ）的标示牌。,A-“禁止攀登，高压危险！”|B-“在此工作！”|C-“止步，高压危险！”|D-“从此上下！”,C
198,专业题库,01单选题,依据变电安规，在室外高压设备上工作，应在工作地点四周装设围栏，其出入口要围至临近道路旁边，并设有（    ）的标示牌。,A-“在此工作！” |B-“从此进出！”|C-“止步，高压危险！”|D-“从此上下！”,B
199,专业题库,01单选题,依据变电安规，直流换流站单极停电工作，在检修阀厅和直流场设备处设置（    ）的标示牌。,A-“止步、高压危险！”|B-“从此进出！”|C-“在此工作！”|D-“禁止攀登，高压危险！”,C
200,专业题库,01单选题,依据变电安规，作业人员工作中正常活动范围与110kV设备带电部分的安全距离小于（　　）m时，设备应停电。,A-1.5|B-1.75|C-1.80|D-2.00,A
201,专业题库,01单选题,依据变电安规，降压变电站全部停电时，应将各个可能来电侧的部分接地短路，其余部分不必每段都装设接地线或（    ）。,A-合上隔离开关|B-合上断路器|C-合上接地刀闸(装置)|D-临时接地线,C
202,专业题库,01单选题,依据变电安规，电缆及电容器接地前应逐相充分放电，星形接线电容器的中性点应接地，串联电容器及与整组电容器脱离的电容器（    ），装在绝缘支架上的电容器外壳也应放电。,A-应放电|B-应逐个多次放电|C-应一次性放电|D-不得放电,B
203,专业题库,01单选题,依据变电安规，作业人员工作中正常活动范围与220kV设备带电部分的安全距离小于（　　）m时，设备应停电。,A-3.00|B-3.35|C-3.50|D-4.00,A
204,专业题库,01单选题,依据变电安规，检修设备停电，应拉开隔离开关（刀闸），（    ）应拉至试验或检修位置，应使各方面有一个明显的断开点。,A-隔离开关(刀闸）|B-断路器（开关)|C-手车开关|D-保护切换开关,C
205,专业题库,01单选题,依据变电安规，在显示屏上进行操作的断路器（开关）和隔离开关（刀闸）的操作处应设置“禁止合闸，有人工作！”或“禁止合闸，线路有人工作！”以及（　　）的标记。,A-“止步，高压危险！”|B-“禁止分闸！”|C-“禁止合闸！” |D-“在此工作！”,B
206,专业题库,01单选题,依据变电安规，在手车开关拉出后，应观察隔离挡板是否可靠封闭。封闭式组合电器引出电缆备用孔或母线的终端备用孔应用（    ）封闭。,A-专用器具|B-临时隔板|C-接地隔板|D-绝缘隔板,A
207,专业题库,01单选题,依据变电安规，全部停电的工作，是指室内高压设备全部停电（包括架空线路与电缆引入线在内），并且通至邻接（    ）的门全部闭锁，以及室外高压设备全部停电（包括架空线路与电缆引入线在内）的工作。,A-保护室|B-蓄电池室|C-主控室|D-高压室,D
208,专业题库,01单选题,依据变电安规，待用间隔(母线连接排、引线已接上母线的备用间隔)应有名称、编号，并列入（    ）管辖范围。其隔离开关(刀闸)操作手柄、网门应加锁。,A-调度控制中心|B-设备运行单位|C-设备检修单位|D-设备维护单位,A
209,专业题库,01单选题,依据变电安规，高压室的钥匙至少应有（    ）把，由运维人员负责保管，按值移交。,A-1|B-2|C-3|D-4,C
210,专业题库,01单选题,依据变电安规，无论高压设备是否带电，作业人员不得单独移开或越过遮栏进行工作；若有必要移开遮栏时，应有（    ）在场，并符合设备不停电时的安全距离。,A-安全员|B-监护人|C-负责人|D-班组长,B
211,专业题库,01单选题,依据变电安规，在高压设备上工作，应至少由（    ）进行，并完成保证安全的组织措施和技术措施。,A-一人|B-两人|C-三人|D-四人,B
212,专业题库,01单选题,依据变电安规，无论高压设备是否带电，作业人员不得单独移开或越过遮栏进行工作；若有必要移开遮栏时，应有监护人在场，并符合（    ）的安全距离。,A-设备停电时|B-设备不停电时|C-作业时|D-带电作业时,B
213,专业题库,01单选题,依据变电安规，高压设备发生接地时，室内人员应距离故障点（    ）m以外。,A-1|B-2|C-3|D-4,D
214,专业题库,01单选题,依据变电安规，待用间隔(母线连接排、引线已接上母线的备用间隔)应有（    ），并列入调度控制中心管辖范围。,A-名称|B-编号|C-名称、编号|D-名称|E-序号,C
215,专业题库,01单选题,依据变电安规，高压设备发生接地时，室外人员应距离故障点（    ）m以外。,A-2|B-4|C-6|D-8,D
216,专业题库,01单选题,依据变电安规，户外220kV高压配电装置场所的行车通道上，车辆（包括装载物）外廓至无遮拦带电部分之间的安全距离为（    ）m。,A-2.55|B-2.35|C-2.25|D-1.75,A
217,专业题库,01单选题,依据变电安规，运行中的高压设备，其中性点接地系统的中性点应视作（    ）。,A-带电体|B-停电设备|C-检修设备|D-试验设备,A
218,专业题库,01单选题,依据变电安规，在高压设备上工作，应至少由两人进行，并完成保证安全的（    ）。,A-技术措施和应急措施|B-组织措施和现场措施|C-组织措施和技术措施|D-应急措施和现场措施,C
219,专业题库,01单选题,依据变电安规，雷雨天气，需要巡视室外高压设备时，应穿（    ），并不准靠近避雷器和避雷针。,A-雨鞋|B-绝缘靴|C-橡胶鞋|D-绝缘鞋,B
220,专业题库,01单选题,依据变电安规，换流站阀厅未转（　　）前，人员禁止进入作业（巡视通道除外）。,A-运行|B-检修|C-冷备用|D-热备用,B
221,专业题库,01单选题,依据变电安规，待用间隔(母线连接排、引线已接上母线的备用间隔)应有名称、编号，并列入调度控制中心管辖范围。其隔离开关(刀闸)操作手柄、网门应（    ）。,A-加锁|B-悬挂标示牌|C-设遮拦|D-不再加锁,A
222,专业题库,01单选题,依据变电安规，换流站内，运行中高压直流系统直流场中性区域设备、站内临时接地极、接地极线路及接地极均应视为（　　）。,A-非带电体|B-带电体|C-部分带电体|D-绝缘体,B
223,专业题库,01单选题,依据变电安规，地震、台风、洪水、泥石流等灾害发生后，如需要对设备进行巡视时，应制定必要的安全措施，得到（    ）批准，并至少两人一组，巡视人员应与派出部门之间保持通信联络。,A-调控人员|B-设备运维管理单位|C-安监部门|D-分管领导,B
224,专业题库,01单选题,依据变电安规，触电急救，胸外心脏按压频率应保持在（　　）次/min。,A-60|B-80|C-100|D-120,C
225,专业题库,01单选题,依据变电安规，触电伤员脱离电源后，正确的抢救体位是（　　）。,A-左侧卧位|B-右侧卧位|C-仰卧位|D-俯卧位,C
226,专业题库,01单选题,依据变电安规，触电急救应分秒必争，一经明确心跳、呼吸停止的，立即就地迅速用（　　）进行抢救，并坚持不断地进行，同时及早与医疗急救中心（医疗部门）联系，争取医务人员接替救治。,A-心脏按压法|B-口对口呼吸法|C-口对鼻呼吸法|D-心肺复苏法,D
227,专业题库,01单选题,依据变电安规，触电急救脱离电源，就是要把触电者接触的那一部分带电设备的（　　）断路器（开关）、隔离开关（刀闸）或其他断路设备断开；或设法将触电者与带电设备脱离开。,A-有关|B-所有|C-高压|D-低压,B
228,专业题库,01单选题,依据变电安规，紧急救护时，发现伤员意识不清、瞳孔扩大无反应、呼吸、心跳停止时，应立即在现场就地抢救，用（　　）支持呼吸和循环，对脑、心重要脏器供氧。,A-心脏按压法|B-口对口呼吸法|C-口对鼻呼吸法|D-心肺复苏法,D
229,专业题库,01单选题,依据变电安规，进行心肺复苏法时，如有担架搬运伤员，应该持续做心肺复苏，中断时间不超过（　　）s。,A-5|B-10|C-30|D-60,A
230,专业题库,01单选题,依据变电安规，触电急救，当采用胸外心脏按压法进行急救时，伤员应仰卧于（　　）上。,A-柔软床垫|B-硬板床或地|C-担架|D-弹簧床,B
231,专业题库,01单选题,依据变电安规，触电急救，在医务人员（　　）前，不得放弃现场抢救，更不能只根据没有呼吸或脉搏的表现，擅自判定伤员死亡，放弃抢救。,A-未到达|B-未接替救治|C-作出死亡诊断|D-判断呼吸或脉搏表现,B
232,专业题库,01单选题,依据变电安规，SF6配电装置室与其下方电缆层、电缆隧道相通的孔洞都应封堵.SF6配电装置室及下方电缆层隧道的门上，应设置“（    ）”的标志。,A-注意危险|B-严禁烟火|C-注意通风|D-禁止吸烟,C
233,专业题库,01单选题,依据变电安规，在SF6配电装置室低位区应安装能报警氧量仪和SF6气体泄漏报警仪，在工作人员入口处应装设显示器.上述仪器应（    ），保证完好。,A-定期检验|B-不定期检验|C-专人巡视检查|D-定期更换,A
234,专业题库,01单选题,依据变电安规，设备内的SF6气体不准向大气排放，应采取净化装置回收，经处理检测合格后方准再使用。回收时作业人员应站在（    ）。,A-上风侧|B-下风侧|C-设备上方|D-设备下方,A
235,专业题库,01单选题,依据变电安规，在SF6配电装置室低位区应安装（    ），在工作人员入口处应装设显示器。,A-氧量仪和SF6气体泄漏报警仪|B-氧量仪和SF6气体泄漏测试仪|C-能报警的氧量仪和SF6气体泄漏报警仪|D-能显示含氧量的氧量仪和SF6气体泄漏报警仪,C
236,专业题库,01单选题,依据变电安规，在室内，设备充装SF6气体时，工作区空气中SF6气体含量不得超过（    ）μL/L。,A-1000|B-1100|C-1200|D-1300,A
237,专业题库,01单选题,依据变电安规，在室内，设备充装SF6气体时，周围环境相对湿度应不大于（    ），同时应开启通风系统，并避免SF6气体泄漏到工作区。,A-80%|B-85%|C-90%|D-95%,A
238,专业题库,01单选题,依据变电安规，SF6配电装置发生大量泄漏等紧急情况时，人员应迅速撤出现场，开启所有排风机进行排风。未佩戴（    ）人员禁止入内。,A-防毒面具或口罩|B-防毒面具或正压式空气呼吸器|C-口罩或正压式空气呼吸器|D-护目眼镜或正压式空气呼吸器,B
239,专业题库,01单选题,依据变电安规，工作人员进入SF6配电装置室，入口处若无SF6气体含量显示器，应先通风（    ）min，并用检漏仪测量SF6气体含量合格。,A-8|B-10|C-12|D-15,D
240,专业题库,01单选题,依据变电安规，装有SF6设备的配电装置室和SF6气体实验室，应装设强力通风装置，风口应设置在室内（    ），排风口不应朝向居民住宅或行人。,A-顶部|B-底部|C-中部|D-上部,B
241,专业题库,01单选题,依据变电安规，SF6配电装置发生防爆膜破裂时，应停电处理，并用（    ）擦拭干净。,A-汽油或丙酮|B-煤油或丙酮|C-汽油或酒精|D-汽油或香蕉水,A
242,专业题库,01单选题,依据变电安规，SF6设备解体检修，打开设备封盖后，现场所有人员应暂离现场（    ）min。,A-30|B-20|C-15|D-10,A
243,专业题库,01单选题,依据变电安规，进行气体采样和处理一般渗漏时，要戴（    ）并进行通风。,A-防毒面具或口罩|B-口罩或正压式空气呼吸器|C-防毒面具或正压式空气呼吸器|D-护目眼镜或正压式空气呼吸器,C
244,专业题库,01单选题,依据变电安规，单人操作、检修人员在倒闸操作过程中（　　）解锁。,A-可以|B-禁止|C-在有人监护情况下|D-站长同意后,B
245,专业题库,01单选题,依据变电安规，检修人员操作时，操作票应由（　　）审核签名，然后才能使用。,A-运维负责人|B-工作负责人|C-班站长|D-技术员,B
246,专业题库,01单选题,依据变电安规，经设备运维管理单位考试合格并批准的本单位的检修人员，可进行（    ）及以下的电气设备由热备用至检修或由检修至热备用的监护操作，监护人应是同一单位的检修人员或设备运维人员。,A-220kV|B-330kV|C-500kV|D-750kV,A
247,专业题库,01单选题,依据变电安规，在低压配电装置和低压导线上工作，作业前，应先分清相线、零线，选好工作位置。断开导线时，应（    ）。搭接导线时，顺序应相反。,A-先断开相线，后断开零线|B- 先断开零线，后断开相线|C-同时断开相线和零线|D-先断开中相，后断开边相,A
248,专业题库,01单选题,依据变电安规，停电更换熔断器后，恢复操作时，应（    ）。,A-戴手套|B-戴护目眼镜|C-戴手套和护目眼镜|D-穿防电弧服,C
249,专业题库,01单选题,依据变电安规，低压带电工作时，应采取遮蔽（    ）等防止相间或接地短路的有效措施；若无法采取遮蔽措施时，则将影响作业的有电设备停电。,A-导体部分|B-有电部分|C-停电部分|D-金属部分,B
250,专业题库,01单选题,依据变电安规，低压电气带电工作应（    ），并保持对地绝缘。,A-戴手套|B-戴护目眼镜|C-戴手套、护目眼镜|D-戴手套、穿防电弧服,C
251,专业题库,01单选题,依据变电安规，工作前应详细核对电缆标志牌的（    ）与工作票所填写的相符，安全措施正确可靠后，方可开始工作。,A-名称|B-编号|C-走向|D-型号,A
252,专业题库,01单选题,依据变电安规，进入电缆井、电缆隧道前，应先用吹风机排除浊气，再用（　　）检查井内或隧道内的易燃易爆及有毒气体的含量是否超标，并作好记录。,A-气体检测仪|B-仪表|C-小动物|D-明火,A
253,专业题库,01单选题,依据变电安规，填用电力电缆第一种工作票的工作应该经（　　）许可。,A-运维人员|B-调控人员|C-工区领导|D-工作负责人,B
254,专业题库,01单选题,依据变电安规，电力电缆试验要拆除接地线时，应征得（    ）的许可（根据调控人员指令装设的接地线，应征得调控人员的许可），方可进行。,A-工作许可人|B-工作负责人|C-工作票签发人|D-试验小组负责人,A
255,专业题库,01单选题,依据变电安规，电缆直埋敷设施工前应先查清（    ），再开挖足够数量的样洞和样沟，摸清地下管线分布情况，以确定电缆敷设位置及确保不损坏运行电缆和其他地下管线。,A-图纸|B-电缆运行记录|C-历史资料|D-电缆出厂资料,A
256,专业题库,01单选题,依据变电安规，在开断电缆以前，应与电缆走向图图纸核对相符，并使用专用仪器（如感应法）确切证实电缆无电后，用（    ）钉入电缆芯后，方可工作。,A-带绝缘柄的铁钎|B-接地的铁钎|C-接地的带绝缘柄的铁钎|D-接地的带手柄的铁钎,C
257,专业题库,01单选题,依据变电安规，在10kV跌落式熔断器上桩头有电的情况下，如必须进行工作，则应采用专用绝缘罩隔离，在下桩头加装接地线。作业人员站在低位，伸手不得超过跌落式熔断器（　　），并设专人监护。,A-上桩头|B-中间位置|C-下桩头|D-横担位置,C
258,专业题库,01单选题,依据变电安规，在10kV跌落式熔断器与10kV电缆头之间，宜加装（　　）装置，使工作时能与跌落式熔断器上桩头有电部分保持安全距离。,A-过渡连接|B-接地|C-绝缘|D-灭弧,A
259,专业题库,01单选题,依据变电安规，电力电缆作业，使用远控电缆割刀开断电缆时，刀头应（    ），周边其他施工人员应临时撤离，远控操作人员应与刀头保持足够的安全距离，防止弧光和跨步电压伤人。,A-可靠绝缘|B-可靠接地|C-装设护套|D-垂直向下,B
260,专业题库,01单选题,依据变电安规，移动电缆接头一般应停电进行。如必须带电移动，应先调查该电缆的历史记录，由有经验的施工人员，在（    ）下，平正移动。,A-专人统一指挥|B-专人监护|C-监护|D-作业人员的指挥,A
261,专业题库,01单选题,依据变电安规，使用砂轮研磨时，应（    ）。,A-穿绝缘鞋|B-戴防护眼镜或装设防护玻璃|C-戴绝缘手套|D-穿防电弧服,B
262,专业题库,01单选题,依据变电安规，使用金属外壳的电气工具时应戴（    ）。,A-线手套|B-绝缘手套|C-口罩|D-护目眼镜,B
263,专业题库,01单选题,依据变电安规，凿子被锤击部分（    ）等，不准使用。,A-有伤痕不平整、沾有油污|B-有伤痕不平整|C-有锈蚀|D-沾有油污,A
264,专业题库,01单选题,依据变电安规，用凿子凿坚硬或脆性物体时（如生铁、生铜、水泥等），应戴（    ），必要时装设安全遮栏，以防碎片打伤旁人。,A-口罩|B-耳罩|C-防护眼镜|D-防毒面具,C
265,专业题库,01单选题,依据变电安规，对正常使用的电动工具也应对绝缘电阻进行（    ）。,A-定期测量、检查|B-不定期测量、检查|C-不定期检查|D-不定期测量,A
266,专业题库,01单选题,依据变电安规，电动工具的电气部分经维修后，应进行（    ）。,A-绝缘电阻测量及绝缘耐压试验|B-绝缘电阻测量|C-绝缘耐压试验|D-绝缘电阻测量或绝缘耐压试验,A
267,专业题库,01单选题,依据变电安规，在变、配电站（开关站）的带电区域内或邻近带电线路处，禁止使用（    ）。,A-绝缘梯子|B-金属梯子|C-竹梯子|D-木梯子,B
268,专业题库,01单选题,依据变电安规，用汽车运输气瓶时，气瓶押运人员应坐在（    ）。,A-车厢内|B-驾驶室内|C-气瓶上|D-气瓶旁边,B
269,专业题库,01单选题,依据变电安规，遇有电气设备着火时，应立即将有关设备的（    ），然后进行救火。,A-保护停用|B-电源切断|C-外壳接地|D-重合闸退出,B
270,专业题库,01单选题,依据变电安规，在户外变电站和高压室内搬动梯子、管子等长物，应（    ）搬运，并与带电部分保持足够的安全距离。,A-两人直立|B-两人|C-一人|D-两人放倒,D
271,专业题库,01单选题,依据变电安规，在楼板和结构上打孔或在规定地点以外安装起重滑车或堆放重物等，应事先经过本单位有关（    ）的审核许可。规定放置重物及安装滑车的地点应标以明显的标记（标出界限和荷重限度）。,A-设备运维部门|B-安监部门|C-技术部门|D-分管领导,C
272,专业题库,01单选题,依据变电安规，移动式电动机械和手持电动工具的三相电源线在三相四线制系统中应使用（    ）芯软橡胶电缆。,A-二|B-三|C-四|D-五,C
273,专业题库,01单选题,依据变电安规，检修动力电源箱的支路开关都应加装剩余电流动作保护器（漏电保护器）并应（    ）。,A-定期检查和试验|B-定期检查|C-定期试验|D-不定期检查和试验,A
274,专业题库,01单选题,依据变电安规，砂轮应装有用（    ）制成的防护罩，其强度应保证当砂轮碎裂时挡住碎块。,A-木板|B-钢板|C-铝塑板|D-树脂板,B
275,专业题库,01单选题,依据变电安规，电气工具和用具应由专人保管，每（    ）应由电气试验单位进行定期检查。,A-3个月|B-6个月|C-9个月|D-12个月,B
276,专业题库,01单选题,依据变电安规，直流输电系统正常运行时，人员进入阀厅巡视走道宜（    ）。,A-佩戴护目镜|B-佩戴耳罩|C-穿防电弧服|D-穿防静电服,B
277,专业题库,01单选题,依据变电安规，用砂轮磨工具时应使火星（    ）。不准用砂轮的侧面研磨。,A-向下|B-向上|C-向前|D-向后,A
278,专业题库,01单选题,依据变电安规，变电站(生产厂房)内外工作场所的井、坑、孔、洞或沟道，应覆以与地面齐平而坚固的盖板。在检修工作中如需将盖板取下，应设（    ）。,A-障碍物|B-临时围栏|C-脚手架|D-标示牌,B
279,专业题库,01单选题,依据变电安规，用汽车运输气瓶时，气瓶应（    ）放置并可靠固定。,A-纵向|B-横向|C-竖立|D-水平,B
280,专业题库,01单选题,依据变电安规，大锤及手锤的柄应用（    ）制成，不准用大木料劈开制作，也不能用其他材料替代，应装得十分牢固，并将头部用楔栓固定。,A-整根的硬木|B-成型的橡胶|C-坚硬的金属|D-成型的树脂,A
281,专业题库,01单选题,依据变电安规，移动式电动机械和手持电动工具的单相电源线应使用（    ）芯软橡胶电缆。,A-二|B-三|C-四|D-五,B
282,专业题库,01单选题,依据变电安规，动火工作票签发人不准兼任该项工作的（    ）。,A-专责监护人|B-工作许可人|C-工作负责人|D-工作班成员,C
283,专业题库,01单选题,依据变电安规，动火工作票一般至少一式三份，一份由工作负责人收执、一份由（    ）收执、一份保存在安监部门（或具有消防管理职责的部门）（指变电站一级动火工作票）或动火部门（指变电站二级动火工作票）。,A-运维许可人|B-动火执行人|C-消防监护人|D-技术负责人,B
284,专业题库,01单选题,依据变电安规，电焊机的外壳应可靠接地，接地电阻不得大于（    ）。,A-4Ω|B-6Ω|C-8Ω|D-10Ω,A
285,专业题库,01单选题,依据变电安规，电气工具和用具的电线不准接触（    ），不要放在湿地上，并避免载重车辆和重物压在电线上。,A-人体|B-导电体|C-带电体|D-热体,D
286,专业题库,01单选题,依据变电安规，在特殊情况下需在带压和带电的设备上进行焊接时，应采取安全措施，并经（    ）批准。,A-工作许可人|B-工作票签发人|C-运维负责人|D-本单位分管生产的领导（总工程师）,D
287,专业题库,01单选题,依据变电安规，使用中的氧气瓶和乙炔气瓶应垂直固定放置，氧气瓶和乙炔气瓶的距离不得小于5m，气瓶的放置地点应距明火（    ）以外。,A-5m|B-6m|C-8m|D-10m,D
288,专业题库,01单选题,依据变电安规，在变电站内使用起重机械时，应安装接地装置，接地线应用多股软铜线，其截面应满足接地短路容量的要求，但不得小于（    ）mm2。,A-16|B-14|C-12|D-10,A
289,专业题库,01单选题,依据变电安规，起重机停放或行驶时，其车轮、支腿或履带的前端或外侧与沟、坑边缘的距离不准小于沟、坑深度的（    ）倍；否则应采取防倾、防坍塌措施。,A-0.9|B-1.0|C-1.1|D-1.2,D
290,专业题库,01单选题,依据变电安规，在变电站内使用起重机械时，应安装接地装置，接地线应用（    ），其截面应满足接地短路容量的要求，但不得小于16mm2。,A-单股铜线|B-多股软铜线|C-多股铝绞线|D-单股铝线,B
291,专业题库,01单选题,依据变电安规，起吊重物前，应由（    ）检查悬吊情况及所吊物件的捆绑情况，认为可靠后方准试行起吊。,A-工作班成员|B-工作负责人|C-工作许可人|D-吊车司机,B
292,专业题库,01单选题,依据变电安规，使用油压式千斤顶时，任何人不得站在安全栓的（    ）。,A-前面|B-后面|C-左面|D-右面,A
293,专业题库,01单选题,依据变电安规，一切重大物件的起重、搬运工作应由（    ）负责，作业前应向参加工作的全体人员进行技术交底，使全体人员均熟悉起重搬运方案和安全措施。,A-安全员|B-技术员|C-有经验的专人|D-专责监护人,C
294,专业题库,01单选题,依据变电安规，用起重机械应当在（    ）进行一次常规性检查，并做好记录。其中机械每年至少应做一次全面技术检查。,A-每周|B-每次使用后|C-每次使用前|D-每月,C
295,专业题库,01单选题,依据变电安规，起重工作中，重量达到起重设备额定负荷的（    ）及以上。应制定专门的安全技术措施，经本单位批准，作业时应有技术负责人在场指导，否则不准施工。,A-90%|B-80%|C-70%|D-85%,A
296,专业题库,01单选题,依据变电安规，在带电设备区域内使用汽车吊、斗臂车时，车身应使用不小于（    ）mm2的软铜线可靠接地。在道路上施工应设围栏，并设置适当的警示标志牌。,A-10|B-12|C-16|D-15,C
297,专业题库,01单选题,依据变电安规，起重机上应备有灭火装置，驾驶室内应铺橡胶绝缘垫，禁止存放（    ）。,A-食品|B-医疗物品|C-生活用品|D-易燃物品,D
298,专业题库,01单选题,依据变电安规，安全带应定期检验，检验周期为（    ）。,A-半年|B-1年|C-2年|D-1年半,B
299,专业题库,01单选题,依据变电安规，凡在坠落高度基准面（    ）以上（含2m），有可能坠落的高处进行的作业均称为高处作业。,A-0.7m|B-1.0m|C-1.5m|D-2.0m,D
300,专业题库,01单选题,依据变电安规，使用倚靠式单梯工作时，梯子与地面的夹角应在（  ）之间并有人扶持，以防失稳坠落。,A-40°-50°|B-50°-55°|C-65°-75°|D-80°-85°,C
301,专业题库,01单选题,依据变电安规，硬质梯子的横档应嵌在支柱上，梯阶的距离不应大于（    ），并在距梯顶1m处设限高标志。,A-30cm|B-40cm|C-45cm|D-50cm,A
302,专业题库,01单选题,依据变电安规，高处作业人员，应经专业技能培训并依法取得资格证书；（   ）应至少进行一次职业健康检查，凡患有不宜从事高处作业病症的人员，不得参加高处作业。,A-2年|B-1年|C-3年|D-4年,B
303,专业题库,01单选题,依据变电安规，在没有脚手架或者在没有围栏的脚手架上工作，高度超过（    ）时，应使用安全带，或采取其他可靠的安全措施。,A-1.5m|B-1.2m|C-1.0m|D-0.8m,A
304,专业题库,01单选题,依据变电安规，利用高空作业车、带电作业车、高处作业平台等进行高处作业时，高处作业平台应处于稳定状态，需要移动车辆时，作业平台上（   ）（制造规定允许的除外）。,A-载人不得超2人|B-不得留有工具|C-不得载物|D-不得载人,D
305,专业题库,01单选题,依据《安全设施标准》，安全色中的（    ）传递禁止、停止、危险或提示消防设备、设施的信息。,A-红色|B-绿色|C-蓝色|D-黄色,A
306,专业题库,01单选题,依据《安全设施标准》，安全色中的（    ）传递必须遵守规定的指令性信息。,A-红色|B-绿色|C-蓝色|D-黄色,C
307,专业题库,01单选题,依据《安全设施标准》，变电站内生产活动所涉及的场所、设备（设施）、检修施工等特定区域以及其它有必要提醒人们注意危险有害因素的地点，应配置标准化的（  ）。,A-安全设施|B-安全标识牌|C-安全围栏|D-安全工器具,A
308,专业题库,01单选题,依据《安全设施标准》，高压供电设备、发电机、落地式安装的转动机械周围以及控制台、配电盘柜前应标设（    ）。,A-防误触设施|B-安全标识牌|C-安全围栏|D-安全警戒线,D
309,专业题库,01单选题,依据《安全设施标准》，工作人员进人生产现场，应根据作业环境中所存在的危险因素，穿戴或使用必要的（    ）。,A-安全工器具|B-防护用品|C-施工器具|D-劳保用品,B
310,专业题库,01单选题,依据《安全设施标准》，在有可能发生触电危险的电气设备和线路，如配电装置室、开关等处应设置（    ）。,A-“当心触电”标志牌|B-“止步高压危险”标志牌|C-“当心火灾”标志牌|D-“当心爆炸”标志牌,A
311,专业题库,01单选题,依据《安全设施标准》，在变压器室、乙炔站、化工药品库、油库、配电装置室、电子设备间、通信室等处，应设置（    ）。,A-“禁止穿化纤服装”标志牌|B-“禁止停留”标志牌|C-“禁止用水灭火”标志牌|D-“禁止触摸”标志牌,C
312,专业题库,01单选题,依据《安全设施标准》，在人口密集或交通繁忙区域施工，应根据环境设置必要的（    ）。,A-安全警示牌|B-注意行人标志|C-在此工作标志|D-交通安全标志,D
313,专业题库,01单选题,依据《安全设施标准》，各生产场所应有（    ）的标示，楼梯主要通道门上方或左（右）侧装设紧急撤离提示标志。,A-消防器械|B-应急装备|C-逃生路线|D-安全路线,C
314,专业题库,01单选题,依据《安全设施标准》，流动式起重机械基本臂两侧应标注醒目的（    ）的文字标志。,A-起重臂承重|B-起重臂下严禁站人|C-作业半径内注意安全|D-起重臂最大开合角度,B
315,专业题库,01单选题,根据两票三制规定，检修（施工）作业，（    ）认为有必要现场勘察的，检修（施工）单位应根据工作任务组织现场勘察，并填写现场勘察记录。,A-工作票签发人或工作负责人|B-工作票签发人或工作许可人|C-工作许可人或工作负责人|D-工作票签发人或专责监护人,A
316,专业题库,01单选题,根据两票三制规定，未造成电气设备被迫停运的缺陷处理工作不得使用事故紧急抢修单，而应使用（    ）。,A-工作票|B-事故紧急抢修单|C-施工作业票|D-工作任务单,A
317,专业题库,01单选题,倒闸操作，要有（    ），运维负责人正式发布的指令，并使用经事先审核合格的操作票。,A-工作许可人|B-工作负责人|C-工作票签发人|D-值班调控人员,D
318,专业题库,01单选题,根据两票三制规定，工作票一份应保存在工作地点，由（    ）收执；另一份由工作许可人收执，按值移交。,A-工作票签发人|B-专责监护人|C-工作负责人|D-变电运维负责人,C
319,专业题库,01单选题,根据两票三制规定，总、分工作票原则上由（    ）签发。,A-值班调控人员和工作票签发人|B-同一个工作票签发人|C-工作票签发人和工作负责人|D-不同的工作票签发人,B
320,专业题库,01单选题,根据两票三制规定，承发包工程中，工作票可实行“双签发”形式。签发工作票时，双方工作票签发人在工作票上分别签名，各自承担相应的（    ）。,A-施工方案|B-组织措施|C-技术措施|D-安全责任,D
321,专业题库,01单选题,根据两票三制规定，非连续进行的故障修复工作，应使用（    ）。,A-故障紧急抢修单|B-工作票|C-施工作业票|D-故障应急抢修单,B
322,专业题库,01单选题,根据两票三制规定，若需变更或增设（    ），应填用新的工作票，并重新履行签发、许可手续。,A-安全条件|B-施工范围|C-工作任务|D-安全措施,D
323,专业题库,01单选题,根据两票三制规定，总、分工作票在格式上与（    ）工作票一致。,A-第一种|B-第二种|C-带电作业|D-事故紧急抢修单,A
324,专业题库,01单选题,作业安全风险管控应遵循（    ）的工作原则。,A-“全面评估、分级管控”|B-“分级评估、全面管控”|C-“全面评估、专业管控”|D-“专业评估、全面管控”,A
325,专业题库,01单选题,作业计划实行（    ）管理，审定后的作业计划均应统一在平台内进行发布，已发布的作业计划严禁随意增减，确属特殊情况需追加、调整的，应严格履行本单位计划调整审批手续。,A-柔性|B-弹性|C-刚性|D-线性,C
326,专业题库,01单选题,作业风险定级应以每日作业计划为单元进行，同一作业计划内包含多个不同等级工作或不同类型的风险时，按（    ）原则定级。,A-就低|B-就高|C-任意|D-随机,B
327,专业题库,01单选题,按照（    ）原则，地市（县）公司级单位、二级机构以审定的作业计划、风险内容、风险等级、管控措施为依据，每周日前对下周作业计划存在的所有作业风险进行全面公示。,A-“谁管理、谁公示”|B-“谁作业、谁公示”|C-“谁监管、谁公示”|D-“谁监理、谁公示”,A
328,专业题库,01单选题,采取劳务外包或劳务分包的项目，所需施工作业安全方案、工作票（作业票）、机具设备及工器具等应由发包方负责，并纳入本单位（    ）统一进行作业的组织、指挥、监护和管理。,A-项目|B-班组|C-档案|D-计划,B
329,专业题库,01单选题,劳务人员（    ）独立承担危险性大、专业性强的施工作业，必须在发包方有经验人员的带领和监护下进行。,A-允许|B-经审批|C-不得|D-经监护,C
330,专业题库,01单选题,除紧急抢险、故障抢修等特殊情况外，进场施工承包单位必须严格执行（    ）管控工作要求，承包单位不履行报备程序一律不允许进场施工作业。,A-“先进场、后报备”|B-“先报备、后进场”|C-“先申请、后进场”|D-“先审批、后进场”,B
331,专业题库,01单选题,以下哪项不是为了监督外包作业安全、技术、组织措施的落实，保障外包作业现场施工的安全和质量应执行的制度（    ）。,A-“双勘察”|B-“双交底”|C-“双签发”|D-“双许可”,D
332,专业题库,01单选题,“一表一库”是指（    ）。,A-作业风险分级表和检修工序风险库|B-作业风险分级表和人员档案库|C-设备检修工序表和检修工序风险库|D-设备检修工序表和人员档案库,A
333,专业题库,01单选题,"依据严重违章释义，未及时传达学习国家、公司安全工作部署，未及时开展公司系统安全事故（事件）通报学习、安全日活动等,属于（    ）违章。",A-Ⅰ类严重违章|B-Ⅱ类严重违章|C-Ⅲ类严重违章|D-一般违章,B
334,专业题库,01单选题,依据严重违章释义，针对公司通报的安全事故事件、要求开展的隐患排查，未举一反三组织排查；未建立隐患排查标准，分层分级组织排查的，属于（    ）违章。,A-Ⅰ类严重违章|B-Ⅱ类严重违章|C-Ⅲ类严重违章|D-一般违章,B
335,专业题库,01单选题,依据严重违章释义，现场作业人员未经安全准入考试并合格，属于（    ）违章。,A-Ⅰ类严重违章|B-Ⅱ类严重违章|C-Ⅲ类严重违章|D-一般违章,C
336,专业题库,01单选题,依据严重违章释义，涉及多专业、多单位或多专业综合性的二级及以上风险作业，作业实施期间，现场作业风险管控协调组未常驻作业现场督导协调；未（    ）召开例会分析部署风险管控工作；未组织检查施工方案及现场风险管控措施落实情况。属于II类严重管理违章。,A-每半日|B-每日|C-每周|D-每月,B
337,专业题库,01单选题,依据严重违章释义，未经本单位消防安全责任人批准，不得擅自将自动灭火装置、火灾自动报警装置退出运行。其中，消防安全责任人指的是：法人单位的法定代表人或者非法人单位的（    ）。,A-主要负责人|B-安委会|C-党委会|D-安全监督管理部门,A
338,专业题库,01单选题,依据严重违章释义，起吊或牵引过程中，受力钢丝绳周围、上下方、（    ）侧和起吊物下面，不得有人逗留或通过。,A-内角|B-外角|C-受力|D-牵引,A
339,专业题库,01单选题,依据严重违章释义，在易燃易爆或禁火区域携带火种、使用明火、吸烟；未采取防火等安全措施在易燃物品上方进行焊接，下方无（    ），属于严重违章。,A-监护人|B-工作许可人|C-工作票签发人|D-公司领导,A
340,专业题库,01单选题,依据严重违章释义，特种设备使用单位，应向（    ）办理使用登记，并取得使用登记证书。,A-公司专业部门|B-公司安监部门|C-监理单位|D-政府安全监督管理部门,D
341,专业题库,01单选题,依据严重违章释义，作业现场被查出一般违章后，未通过（    ）核查擅自恢复作业属于严重违章。,A-验收|B-整改|C-批准|D-审核,B
342,专业题库,01单选题,国家电网公司生产现场作业“十不干”要求：有限空间内（    ）未经检测或检测不合格的不干。,A-气体含量|B-氧气含量|C-气体压力|D-空气压力,A
343,专业题库,01单选题,国家电网公司生产现场作业“十不干”要求：现场（    ）布置不到位、安全工器具不合格的不干。,A-组织措施|B-技术措施|C-安全措施|D-安全监督,C
344,专业题库,01单选题,国家电网公司生产现场作业“十不干”要求：现场安全措施布置不到位、（    ）不合格的不干。,A-安全围栏|B-安全教育|C-接地线|D-安全工器具,D
345,专业题库,01单选题,国家电网公司生产现场作业“十不干”要求：（    ）不清楚的不干。,A-工作流程；危险点|B-工作流程；工作地点|C-工作任务；危险点|D-工作任务；工作地点,C
346,专业题库,01单选题,国家电网公司生产现场作业“十不干”要求：危险点（    ）未落实的不干。,A-安全措施|B-控制措施|C-防护措施|D-技术措施,B
347,专业题库,01单选题,国家电网公司生产现场作业“十不干”要求：超出（    ）未经审批的不干。,A-作业时间|B-作业范围|C-作业地点|D-作业能力,B
348,专业题库,01单选题,国家电网公司生产现场作业“十不干”要求：未在（    ）范围内的不干。,A-安全督查|B-安全围栏|C-作业地点|D-接地保护,D
349,专业题库,01单选题,国家电网公司生产现场作业“十不干”要求：高处作业（    ）措施不完善的不干。,A-防触电|B-防机械损伤|C-防误操作|D-防坠落,D
350,专业题库,01单选题,国家电网公司生产现场作业“十不干”要求：（    ）不在现场的不干。,A-工作负责人（专责监护人）|B-“四不两直”督查人员|C-工作许可人|D-到岗到位人员,A
351,专业题库,01单选题,作业安全风险，是在生产施工作业过程中，由于生产组织安排、人员作业行为、施工工艺方法、设备环境状态等因素，可能导致发生人身、电网、设备等安全事故（事件）的可能性与严重性的组合。其中（    ）涉及触电伤害、高处坠落、物体打击、机械伤害、中毒窒息等,A-作业人身风险|B-电网事故风险|C-设备事故风险|D-信息网络事故风险,A
352,专业题库,01单选题,作业风险管控遵循以人身风险管控为主，按照“全面评估”、（    ）的工作原则，依托安全风险管控监督平台对作业涉及的各类风险实施全面、全过程管理。,A-先降后控|B-分级管控|C-先高后低|D-预防为主,B
353,专业题库,01单选题,作业安全风险管控规定，作业班组负责落实（    ）、风险评估、“两票”执行、班前（后）会、安全交底、作业监护等安全措施和要求。,A-现场勘察|B-评估定级|C-风险公示|D-风险培训,A
354,专业题库,01单选题,作业评估定级结果应在作业计划内发布，辨识分析出的危险因素应填入作业文件（包括但不限于工作票、作业票、（    ）等）内，作为风险管控措施制定的前提和依据。,A-三算四验五禁止|B-六优先九结合|C-三措一案|D-四个管住,C
355,专业题库,01单选题,各级（    ）应依据作业风险定级标准和会商会议要求，每周对作业风险定级情况进行核查，对计划管理不到位、风险定级不准确、管控措施不落实等问题纳入违章行为严肃通报考核。,A-业主项目部|B-施工项目部|C-安全督查中心|D-二级机构,C
356,专业题库,01单选题,工作票（作业票）签发人或工作负责人对有触电危险、施工复杂容易发生事故的作业，应增设（    ），确定被监护的人员和监护范围。,A-工作成员|B-到岗到位人员|C-安全措施|D-专责监护人,D
357,专业题库,01单选题,现场作业过程中，工作负责人重点抓好作业过程中（    ），应用移动作业APP检查和记录现场安全措施落实情况。,A-工作进度|B-协调管理|C-危险点管控|D-人员调配,C
358,专业题库,01单选题,三级风险作业，相关地市级单位或建设管理单位（    ）、县公司级单位负责人或管理人员应到岗到位。,A-专业管理部门|B-其他管理部门|C-安监部|D-分管领导,A
359,专业题库,01单选题,输变电工程建设施工安全风险管理规定，设计单位在施工图阶段，应编制（    ）及以上重大风险作业清单。,A-二级|B-三级|C-四级|D-五级,B
360,专业题库,01单选题,输变电工程建设施工安全风险管理规定，在施工图会审时，参建单位审查（    ）提供的三级及以上重大风险清单。,A-建设单位|B-监理单位|C-设计单位|D-施工单位,C
361,专业题库,01单选题,风险作业计划作业开展（    ），施工项目部根据风险复测结果将三级及以上风险作业计划报监理、业主项目部及本单位。,A-前一周|B-后一周|C-前一天|D-后一天,A
362,专业题库,01单选题,施工作业票管理四、五级风险作业按附录D填写输变电工程施工作业A票，由班组安全员、技术员审核后，（    ）签发。,A-项目经理|B-项目总工|C-安全员|D-技术员,B
363,专业题库,01单选题,施工作业票管理三级及以上风险作业按附录D填写输变电工程施工作业B票，由项目部安全员、技术员审核，（    ）签发后报监理审核后实施。,A-项目经理|B-项目总工|C-安全员|D-技术员,A
364,专业题库,01单选题,输变电工程建设施工安全风险管理规定，涉及二级风险作业的B票还需报（    ）审核后实施。,A-业主项目部|B-施工项目部|C-监理项目部|D-运行单位,A
365,通用题库,02多选题,习近平总书记在2016年10月31日全国安全生产工作作出重要指示提出，各级党委和政府要认真贯彻落实党中央关于加快安全生产领域改革发展的工作部署，坚持（    ），严格落实安全生产责任制，完善安全监管体制，强化依法治理，不断提高全社会安全生产水平，更好维护广大人民群众生命财产安全。,A-党政同责|B-一岗双责|C-齐抓共管|D-失职追责,ABCD
366,通用题库,02多选题,习近平总书记在2020年12月11日中央政治局第二十六次集体学习时提出，坚持中国特色国家安全道路，以（    ）为宗旨，以（    ）为根本，以（    ）为基础，捍卫国家主权和领土完整，防范化解重大安全风险，为实现中华民族伟大复兴提供坚强安全保障。,A-人民安全|B-政治安全|C-国家利益|D-经济安全,ABD
367,通用题库,02多选题,"2013年11月24日，习近平总书记在听取青岛市黄岛经济开发区黄潍输油管线泄漏引发爆燃事故情况汇报时的讲话，所有企业都必须认真履行安全生产主体责任，做到（    ），确保安全生产。
",A-安全投入到位|B-安全培训到位|C-基础管理到位|D-应急救援到位,ABCD
368,通用题库,02多选题,习近平总书记在2022年3月31日全国安全生产电视电话会议上指出，各级党委和政府要坚持以人民为中心的发展思想，坚持（    ），统筹（    ），始终保持如履薄冰的高度警觉，做好安全生产各项工作，决不能麻痹大意、掉以轻心。,A-人民至上|B-生命至上|C-发展|D-安全,ABCD
369,通用题库,02多选题,习近平总书记在党的二十大报告中指出：我们要健全国家安全体系，完善国家安全（    ）、国家应急管理体系，构建全域联动、立体高效的国家安全防护体系。,A-法治体系|B-战略体系|C-政策体系|D-风险监测预警体系,ABCD
370,通用题库,02多选题,2024年1月6日习近平对云南昭通市镇雄县山体滑坡作出重要指示，各地区和有关部门要（    ），（    ），（    ），防范遏制重大人员伤亡事件发生，切实保障人民群众生命财产安全。,A-紧盯风险隐患|B-压实各方责任|C-狠抓工作落实|D-加快基础建设,ABC
371,通用题库,02多选题,依据新《安全生产法》，生产经营单位从业人员安全生产教育和培训的内容包括（    ）。,A-安全生产规章制度和安全操作规程|B-本岗位的安全操作技能|C-事故应急处理措施|D-安全生产方面的权利和义务,ABCD
372,通用题库,02多选题,依据新《安全生产法》，下列关于生产经营单位的从业人员安全生产权利，说法正确的是（    ）。,A-从业人员有权了解其作业场所和工作岗位存在的危险因素、防范措施及事故应急措施，有权对本单位的安全生产工作提出建议|B-从业人员有权对本单位安全生产工作中存在的问题提出批评、检举、控告|C-从业人员发现直接危及人身安全的紧急情况时，无权停止作业|D-从业人员有权拒绝违章指挥和强令冒险作业,ABD
373,通用题库,02多选题,新《安全生产法》规定，生产经营单位的全员安全生产责任制应当明确各岗位的（    ）等内容。,A-责任人员|B-责任范围|C-考核标准|D-薪资标准,ABC
374,通用题库,02多选题,新《安全生产法》中指出，制定《安全生产法》的目的是（    ）。,A-加强安全生产工作|B-防止和减少生产安全事故|C-保障人民群众生命和财产安全|D-促进经济社会持续健康发展,ABCD
375,通用题库,02多选题,新《安全生产法》中规定，任何单位和个人（    ）对事故的依法调查处理。,A-不得阻挠|B-不得干涉|C-可以阻挠|D-可以干涉,AB
376,通用题库,02多选题,依据新《安全生产法》，从业人员有权对本单位安全生产工作中存在的问题提出批评、检举、控告；有权拒绝（    ）和（    ）。,A-违章指挥|B-现场指挥|C-危险作业|D-强令冒险作业,AD
377,通用题库,02多选题,依据新《安全生产法》，生产经营单位从业人员安全生产教育和培训的内容包括（    ）。,A-安全生产规章制度和安全操作规程|B-本岗位的安全操作技能|C-事故应急处理措施|D-安全生产方面的权利和义务,ABCD
378,通用题库,02多选题,依据新《安全生产法》，下列关于生产经营单位的从业人员安全生产权利，说法正确的是（    ）。,A-从业人员有权了解其作业场所和工作岗位存在的危险因素、防范措施及事故应急措施，有权对本单位的安全生产工作提出建议|B-从业人员有权对本单位安全生产工作中存在的问题提出批评、检举、控告|C-从业人员发现直接危及人身安全的紧急情况时，无权停止作业|D-从业人员有权拒绝违章指挥和强令冒险作业,ABD
379,通用题库,02多选题,新《安全生产法》规定，安全设备的设计、（    ）、维修、改造和报废，应当符合国家标准或者行业标准。,A-制造|B-安装|C-使用|D-检测,ABCD
380,通用题库,02多选题,新《安全生产法》规定，生产经营单位的全员安全生产责任制应当明确各岗位的（    ）等内容。,A-责任人员|B-责任范围|C-考核标准|D-薪资标准,ABC
381,通用题库,02多选题,新《安全生产法》中指出，制定《安全生产法》的目的是（    ）。,A-加强安全生产工作|B-防止和减少生产安全事故|C-保障人民群众生命和财产安全|D-促进经济社会持续健康发展,ABCD
382,通用题库,02多选题,事故单位的责任人和对事故负有监管职责的人员在事故发生后弄虚作假，贻误事故抢救，应承担相应的法律责任。根据《刑法》修正案（十一）及相关司法解释，关于不报、谎报安全事故罪犯罪情形，应当认定为情节特别严重的有（    ）。,A-导致事故后果扩大增加死亡3人以上的|B-导致事故后果扩大增加重伤10人以上的|C-采用暴力、胁迫、命令等方式阻止他人报告事故情况，导致事故后果扩大的|D-导致事故后果扩大增加死亡2人以下的|E-导致事故后果扩大增加经济损失500万元以上的,ABC
383,通用题库,02多选题,某矿山现场指挥作业的负责人赵某在未采取足够安全保障措施的情况下，不顾工人的反对意见，强令工人从事爆破作业，造成1人死亡、5人重伤的事故。赵某未按照规定进行事故报告，和公安机关玩“失踪”，5名重伤人员中又有3人死亡。依据《最高人民法院、最高人民检察院关于办理危害生产安全刑事案件适用法律若干问题的解释》，下列关于赵某的行为涉嫌构成的罪名是（    ）。,A-强令、组织他人违章冒险作业罪|B-重大责任事故罪|C-重大劳动安全事故罪|D-工程重大安全事故罪|E-不报、谎报安全事故罪,AE
384,通用题库,02多选题,事故单位的责任人和对事故负有监管职责的人员在事故发生后弄虚作假，贻误事故抢救，应承担相应的法律责任。根据《刑法》修正案（十一）及相关司法解释，关于不报、谎报安全事故犯罪情形，应当认定为情节特别严重的有（    ）。,A-在事故抢救期间擅离职守或者逃匿的|B-导致事故后果扩大增加重伤10人以上的|C-采用胁迫等方式阻止他人报告事故情况，导致事故后果扩大的|D-伪造、破坏事故现场，或者转移、藏匿、毁灭遇难人员尸体，或者转移、藏匿受伤人员的|E-导致事故后果扩大增加经济损失500万元以上的,BC
385,通用题库,02多选题,依据《最高人民法院、最高人民检察院关于办理危害生产安全刑事案件适用法律若干问题的解释》，煤矿生产安全事故发生后，可能被判处三年以下有期徒刑的情形有（    ）。,A-贻误事故抢救，导致事故后果扩大，增加死亡2人|B-贻误事故抢救，导致事故后果扩大，增加间接经济损失100万元以上|C-毁灭、仿造、隐匿与事故有关的计算机数据，致使不能及时有效开展事故抢救|D-指使、串通有关人员不报、谎报事故情况，致使不能及时有效开展事故抢救|E-采用命令方式阻止他人报告事故情况导致事故后果扩大增加重伤1人,ACD
386,通用题库,02多选题,《刑法》修正案（十一）规定，生产经营单位有下列（    ）行为之一的，责令限期改正，构成犯罪的，依照刑法有关规定追究刑事责任。,A-未建立事故隐患排查治理制度，或者重大事故隐患排查治理情况未按照规定报告的|B-未建立安全风险分级管控制度或者未按照安全风险分级采取相应管控措施的|C-进行爆破、吊装、动火、临时用电以及国务院应急管理部门会同国务院有关部门规定的其他危险作业，未安排专门人员进行现场安全管理的|D-对重大危险源未登记建档，未进行定期检测、评估、监控，未制定应急预案，或者未告知应急措施的,ABCD
387,通用题库,02多选题,依据《电力安全事故应急处置和调查处理条例》，有关地方人民政府应当依照（    ），组织制定本行政区域处置电网大面积停电事件应急预案。,A-法律|B-宪法|C行政法规|D-国家处置电网大面积停电事件应急预案,ACD
388,通用题库,02多选题,依据《电力安全事故应急处置和调查处理条例》，电网大面积停电事件应急预案应当对应急组织指挥体系及职责，应急处置的各项措施，以及（    ）等应急保障作出具体规定。,A-人员|B-资金|C-物资|D-技术,ABCD
389,通用题库,02多选题,依据《电力安全事故应急处置和调查处理条例》，电力系统事故造成地铁、机场、高层建筑、商场、影剧院、体育场馆等人员聚集场所停电的，应当（    ）。,A-恢复供电|B-切除故障设备|C-迅速启用应急照明|D-组织人员有序疏散,CD 
390,通用题库,02多选题,依据《电力安全事故应急处置和调查处理条例》，恢复电网运行和电力供应，应当优先保证（    ）的恢复，优先恢复重要电力用户、重要城市、重点地区的电力供应。,A-重要电厂厂用电源|B-重要输变电设备|C-电力主干网架|D-重要变电站,ABC
391,通用题库,02多选题,依据《电力安全事故应急处置和调查处理条例》，事故应急指挥机构或者电力监管机构应当按照有关规定，统一、准确、及时发布（    ）等信息。,A-负荷损失情况|B-有关事故影响范围|C-处置工作进度|D-预计恢复供电时间,BCD
392,通用题库,02多选题,依据《电力安全事故应急处置和调查处理条例》，事故造成电网大面积停电的，（    ）应当按照国家有关规定，启动相应的应急预案，成立应急指挥机构，尽快恢复电网运行和电力供应，防止各种次生灾害的发生。,A-国务院电力监管机构|B-国务院其他有关部门|C-有关地方人民政府|D-电力企业,ABCD
393,通用题库,02多选题,依据《电力安全事故应急处置和调查处理条例》，事故可能导致破坏电力系统稳定和电网大面积停电的，电力调度机构有权决定采取（    ）等必要措施。,A-拉限负荷|B-解列电网|C-解列发电机组|D-调整发电机出力,ABC
394,通用题库,02多选题,依据《电力安全事故应急处置和调查处理条例》，事故造成电网大面积停电的，有关地方人民政府及有关部门应当立即组织开展（    ）应急处置工作。,A-及时排除因停电发生的各种险情|B-事故造成重大人员伤亡或者需要紧急转移、安置受困人员的，及时组织实施救治、转移、安置工作|C-加强停电地区道路交通指挥和疏导，做好铁路、民航运输以及通信保障工作行政法规|D-组织应急物资的紧急生产和调用，保证电网恢复运行所需物资和居民基本生活资料的供给,ABCD
395,通用题库,02多选题,依据《电力安全事故应急处置和调查处理条例》，事故发生后，电力企业和其他有关单位应当按照规定及时、准确报告事故情况，开展应急处置工作，防止事故扩大，减轻事故损害。电力企业应当尽快（    ）。,A-恢复电力生产|B-恢复电网运行|C-恢复电力（热力）正常供应|D-应急照明,ABC
396,通用题库,02多选题,《国家电网公司安全工作规定》规定，公司各级单位应建立和完善（    ），构建事前预防、事中控制、事后查处的工作机制，形成科学有效并持续改进的工作体系。,A-事故调查体系|B-安全三级网络体系|C-应急管理体系|D-安全风险管理体系,ACD
397,通用题库,02多选题,《国家电网公司安全工作规定》规定，公司所属各级单位应加大应急培训和科普宣教力度，针对所属（    ）人员，定期开展不同层面的应急理论和技能培训，结合实际经常向全体员工宣传应急知识。,A-应急救援基干分队|B-安全监督管理|C-应急抢修队伍|D-应急专家队伍,ACD
398,通用题库,02多选题,依据《安全隐患排查治理管理办法》，安全隐患是指在生产经营活动中，违反国家和电力行业安全生产法律法规、规程标准以及公司安全生产规章制度，或因其他因素可能导致安全事故（事件）发生的（        ）等。,A-物的不安全状态|B-人的不安全行为|C-场所的不安全因素|D-安全管理方面的缺失,ABCD
399,通用题库,02多选题,根据隐患的危害程度，隐患分为（    ）三个等级。,A-特别重大隐患|B-重大隐患|C-较大隐患|D-一般隐患,BCD
400,通用题库,02多选题,公司总部以及省、市公司级单位应分级分类建立隐患排查标准，明确隐患（       ），指导从业人员准确判定、及时整改安全隐患。,A-排查内容|B-排查方法|C-排查周期|D-判定依据,ABD
401,通用题库,02多选题,依据《重大电力安全隐患判定标准(试行)》（国能综通安全〔2022〕123号），以下哪些是重大电力安全隐患（        ）。,A-电力监控系统横向边界未部署专用隔离设备|B-调度数据网纵向边界未部署电力专用纵向加密认证装置|C-未遵循“应接尽接”原则将调管范围内可接入设备纳入电力监控系统网络安全管理平台监视范围，导致存在监视盲区。|D-电力监控系统生产控制大区与外部网络非法外联,ABD
402,通用题库,02多选题,依据《房屋市政工程生产安全重大事故隐患判定标准（2022版）》，施工单位的（    ）未取得安全生产考核合格证书从事相关工作构成重大事故隐患。,A-主要负责人|B-项目负责人|C-专职安全生产管理人员|D-从业人员,ABC
403,通用题库,02多选题,依据《化工和危险化学品生产经营单位重大生产安全事故隐患判定标准（试行）》（安监总管三〔2017〕121号），危化品（   ）单位主要负责人和安全生产管理人员未依法经考试合格构成重大生产安全事故隐患。,A-生产|B-经营|C-使用|D-运输单位,ABD
404,通用题库,02多选题,《国家电网公司安全工作奖惩规定》规定，各单位应对作出（    ）贡献的单位(集体)、个人进行奖励。,A-及时发现、消除重大事故隐患，避免事故发生|B-有效管控重大安全风险，防止风险失控|C-正确处置电网设备故障，有效防止事故扩大|D-圆满完成重大保电任务，全面实现保电工作目标,ABCD
405,通用题库,02多选题,《国家电网公司安全工作奖惩规定》规定，根据事故类别和级别，对有关单位和人员按照相关条款至少提高一个事故等级进行处罚，对主要策划者和决策人按事故主要责任者给予处罚（）。,A-谎报、瞒报、迟报事故的|B-事故发生后逃匿的|C-销毁有关证据、资料的|D-事故发生后不立即组织抢救或事故调查处理期间擅离职守的,ABCD
406,通用题库,02多选题,依据《国家电网有限公司安全事故调查规程》，保护事故现场，以下做法正确的是（    ）。,A-事故发生后，事故发生单位必须迅速抢救伤员并派专人严格保护事故现场|B-未经调查和记录的事故现场，不得任意变动|C-事故发生后，事故发生单位安监部门或其指定的部门应立即对事故现场和损坏的设备进行照相、录像、绘制草图、收集资料|D-因紧急抢修、防止事故扩大以及疏导交通等，需要变动现场，必须经单位有关领导和安监部门同意，并做出标志、绘制现场简图、写出书面记录，保存必要的痕迹、物证。,ABCD
407,通用题库,02多选题,"依据《国家电网有限公司安全事故调查规程》,恶性电气误操作包括（    ）、（    ）和（    ）。",A-带负荷误拉(合)隔离开关|B-带电挂(合)接地线(接地开关)|C-带接地线(接地开关)合断路器(隔离开关)|D-擅自解锁五防装置,ABC
408,通用题库,02多选题,依据《国家电网有限公司安全事故调查规程》，发生人身事故，（    ）、（    ）、（    ）等的有关人员及其单位负责人均有责任即时报告。,A-安排作业的单位|B-伤亡人员所在单位|C-事故场所运维单位|D-辖区供电单位,ABC
409,通用题库,02多选题,依据《国家电网有限公司安全事故调查规程》，员工，是指单位各种用工形式的人员，包括固定职工、合同制职工、临时工(临时聘用、雇用、借用的人员)，以及（    ）等。,A-劳务派遣工|B-代训工|C-实习生|D-其他社会化用工,ABCD
410,通用题库,02多选题,依据《国家电网有限公司安全事故调查规程》，即时报告应采取（    ）、（    ）、（    ）等方式第一时间上报简要情况，并向接收方进行确认。,A-电话|B-邮件|C-短信|D-转达,ABC
411,通用题库,02多选题,依据《应急管理工作规定》，按照突发事件的性质、危害程度、影响范围等因素，突发事件分为（    ）四级。,A-特别重大|B-重大|C-较大|D-一般,ABCD
412,通用题库,02多选题,依据《应急管理工作规定》，应急队伍由（    ）组成。,A-应急救援基干分队|B-应急抢修队伍|C-应急专家队伍|D-应急演练队伍,ABC
413,通用题库,02多选题,2022年5月22日，国网四川电力送变电建设有限公司在500千伏普提变电站内开展“白鹤滩500千伏配套工程500千伏普提变电站改造”作业过程中，未根据耐压试验所需的安措对作业计划和停电范围进行合理安排，现场施工方案未对增加二次作业提出针对有效的管控措施，作业人员未严格执行二次安全措施票要求，使用的试验短接线插接不牢固，未按规定进行紧固，导致插接在运行端子上的试验短接线脱落，电流互感器二次回路开路，造成500千伏榄普二线5022开关跳闸。该事故暴露出的问题是（）。,A-停电计划管理不统筹|B-施工方案变更不严谨|C-作业组织管理有漏洞|D-二次作业管理不到位|E-运行站作业安全管控不到位,ABCDE
414,通用题库,02多选题,"2022年4月9日，国网墨脱县供电公司组织8名作业人员在确认209#塔分段开关（为故障地点电源侧的分段开关）、隔离刀闸已断开后，未封挂接地线、未断开线路所带用户进线侧跌落开关的情况下，开展10千伏背西线239#塔抢修工作，抢修作业结束后，工作负责人饶某某发现240#塔B相引流线距离脚钉过近、不满足送电要求，工作班成员次某某上塔处理隐患时触电死亡（用户使用的低压自备发电机通过配变向线路反送电），经抢救无效死亡,该事故暴露出的问题是（）。",A-作业人员安全意识淡薄|B-作业组织管理混乱|C-专业安全管理失控|D-自备电源管理不到位|E-安全培训不到位,ABCDE
415,通用题库,02多选题,2021年10月14日，国网重庆市送变电工程有限公司在国网重庆市电力公司检修分公司运维管理的500千伏石坪变电站内进行220千伏设备改造施工中，吊车吊索与带电设备距离不足放电，造成220千伏#2母跳闸，又因旁路代路运行方式时压板置位错误，母差保护动作时发远跳命令至对侧220千伏江北城变电站，致使6回220千伏出线及5座220千伏变电站失电，损失负荷约29.6万千瓦，停电用户32.3万户。该事故暴露出的问题是（）。,A-项目管理不规范|B-专业管理缺失|C-现场作业管理不到位|D-是风险管控不到位|E-运行管理存在严重漏洞、网架结构和方式安排需优化,ABCDE
416,通用题库,02多选题,2023年9月4日，在国网哈密供电公司建管的哈密三塘湖沙沟井升压汇集站220千伏送出工程MG10号铁塔地面组装过程中，发生一起因平放于地面的铁塔滑移导致的人身事故，作业人员将头部置于横担与地面之间，支垫铁塔的沙袋不稳固可靠、现场地形为缓坡、施工人员紧固螺栓的外力等因素造成铁塔滑移，造成施工单位1名人员死亡。该事故暴露出的问题是（）。,A-作业安全风险辨识缺失|B-现场安全措施不可靠|C-现场作业组织混乱|D-监理履责不到位|E-业主项目部监督不到位,ABCDE
417,通用题库,02多选题,2023年11月3日，国网内蒙古东部电力有限公司赤峰供电公司松山变电工区在66千伏镇北变电站缺陷处理过程中，扩大作业范围，导致1名作业人员碰触带电设备死亡。该事故暴露出的问题是（）。,A-作业计划管理失控|B-作业组织管理失序|C-现场违章冒险作业|D-设备异动管理不到位|E-作业人员安全意识不足,ABCDE
418,通用题库,02多选题,2023年5月18日，由山东送变电工程有限公司施工的济南西南部220千伏电网加强工程长清-文昌220千伏线路工程现场发生一起人员触电事故，现场作业人员在跨越架不符合行业标准和施工方案要求的情况下违规施工作业，被拉拽的旧导线与10千伏带电绝缘导线摩擦，导致绝缘皮破损，10千伏带电线路经旧导线和人体对地放电，造成3人触电死亡。导致该事故原因有（）,A-劳务分包单位履责不到位|B-施工单位对分包队伍失去管控|C-作业人员风险辨识及安全措施不到位|D-施工单位执行施工方案和作业票不严格|E-监理、业主单位履责不到位,ABCDE
419,通用题库,02多选题,2023年9月3日，国网蒙东电力所属通辽供电公司在进行500千伏科尔沁变电站扎科1号线5043开关、扎科2号线5053开关合闸电阻拆除施工时，5043开关A相电流互感器二次电缆线芯端部绝缘胶带脱落，二次电流回路两点接地，线路差动保护动作，造成5042开关、500千伏扎科1号线跳闸。该事件暴露的问题是：（）,A-教训吸取不深|B-工作准备不够|C-现场管控不力|D-专业能力不足,ABCD
420,通用题库,02多选题,2023年4月9日，国网内蒙古超特高压公司在1000千伏胜锡Ⅱ线检修作业过程中，发生一起高处坠落事故，造成1名作业人员死亡。该事件暴露的问题是（）,A-作业安全风险管控不到|B-个人防护措施不到位|C-安全设施运维管理不到位|D-事故教训吸取不深刻E-设备厂家野蛮作业,ABCD
421,通用题库,02多选题,2023年7月23日14时52分许，位于黑龙江省齐齐哈尔市龙沙区的齐齐哈尔市第三十四中学校体育馆屋顶发生坍塌事故，造成11人死亡、7人受伤，直接经济损失1254.1万元。导致该事件的间接原因是（）。,A-建设单位落实质量和安全生产首要责任不到位|B-施工单位质量和安全生产主体责任严重缺失|C-监理单位质量和安全生产主体责任不落实|D-行业监管部门履行监管职责不到位,ABCD
422,通用题库,02多选题,2023年6月21日20时37分许，宁夏回族自治区银川市兴庆区富洋烧烤民族街店发生一起特别重大燃气爆炸事故，造成31人死亡、7人受伤，直接经济损失5114.5万元。该事故主要教训是（）。,A-该坚守的安全红线没有守住|B-该有的强烈责任感却放松懈怠|C-该全链条监管的却掉链断档|D-该用打非治违的硬措施没有硬起来|E该抓实的安全基础没有抓到位,ABCDE
423,通用题库,02多选题,"2022年11月21日16时许，河南省安阳市文峰区安阳市凯信达商贸有限公司发生特别重大火灾事故，造成42人死亡、2人受伤，直接经济损失12311万元。综合调查询问,认定事故直接原因( ).",A-无证违法违规电焊作业|B-建筑内部分消防设施缺失或失效|C-建筑违规分隔加大安全风险|D-未及时有效组织疏散撤离,ABCD
424,专业题库,02多选题,依据变电安规，工作票由（    ）填写。,A-工作负责人|B-工作许可人|C-工作班成员|D-工作票签发人,AD
425,专业题库,02多选题,依据变电安规，供电单位或施工单位到用户变电站内施工时，工作票应由有权签发工作票的（    ）签发。,A-用户单位|B-施工单位|C-供电单位|D-安监部门,ABC
426,专业题库,02多选题,依据变电安规，在工作间断期间，若有紧急需要，运维人员可在工作票未交回的情况下合闸送电，但应先通知工作负责人，在得到工作班全体人员已经离开工作地点、可以送电的答复后方可执行，并应采取下列（    ）措施。,A-拆除临时遮栏、接地线和标示牌|B-恢复常设遮栏，换挂“止步，高压危险！”的标示牌|C-应在所有道路派专人守候，以便告诉工作班人员“设备已经合闸送电，不得继续工作|D-守候人员在工作票未交回以前，不得离开守候地点,ABCD
427,专业题库,02多选题,依据变电安规，工作票签发人应是（　　）的生产领导人、技术人员或经本单位批准的人员。,A-熟悉工作班成员的工作能力|B-熟悉人员技术水平|C-熟悉设备情况|D-熟悉本规程,BCD
428,专业题库,02多选题,依据变电安规，工作许可手续完成后，工作负责人、专责监护人应向工作班成员交待（　　），进行危险点告知，并履行确认手续，工作班方可开始工作。,A-工作内容|B-人员分工|C-带电部位|D-现场安全措施,ABCD
429,专业题库,02多选题,依据变电安规，若工作间断后所有（    ）保持不变，作业票可由工作负责人执存。,A-安全措施|B-工作时间|C-接线方式|D-工作班成员,AC
430,专业题库,02多选题,依据变电安规，工作票可由（    ）签发。,A-经设备运维管理单位审核合格且经批准的检修单位|B-设备运维管理单位|C-电力调度控制中心|D-经设备运维管理单位审核合格且经批准的基建单位,ABD
431,专业题库,02多选题,依据变电安规，以下属于专责监护人的安全责任是（　　）。,A-负责检查工作票所列安全措施是否正确完备，是否符合现场实际条件，必要时予以补充|B-确认被监护人员和监护范围|C-工作前，对被监护人员交待监护范围内的安全措施、告知危险点和安全注意事项|D-监督被监护人员遵守本规程和现场安全措施，及时纠正被监护人员的不安全行为,BCD
432,专业题库,02多选题,依据变电安规，第一种工作票应在工作前一日预先送达运维人员，可（    ）。但传真传送的工作票许可应待正式工作票到达后履行。,A-直接送达|B-通过传真传送|C-通过电话传达|D-通过局域网传送,ABD
433,专业题库,02多选题,依据变电安规，第一种工作票（    ）时，可采用总工作票和分工作票。,A-所列工作地点超过两个|B-有两个及以上不同的工作单位（班组）在一起工作|C-工作时间较长|D-工作人数较多,AB
434,专业题库,02多选题,依据变电安规，在原工作票的停电及安全措施范围内增加工作任务时，应由工作负责人征得（    ）同意，并在工作票上增填工作项目。,A-工作票签发人|B-单位主管领导|C-工作许可人|D-值班调控人员,AC
435,专业题库,02多选题,依据变电安规，工作终结后，还需完成以下（    ）工作，工作票方告终结。,A-拆除工作票上的临时遮栏|B-取下标示牌|C-拆除常设遮栏|D-未拆除的接地线、未拉开的接地刀闸（装置）等设备运行方式汇报调控人员,ABD
436,专业题库,02多选题,依据变电安规，在电气设备上工作，保证安全的组织措施有（    ）。,A-现场勘察制度|B-工作票制度|C-工作许可制度|D-停电、验电、接地,ABC
437,专业题库,02多选题,依据变电安规，持线路或电缆工作票进入变电站或发电厂升压站进行架空线路、电缆等工作，应增填工作票份数，由变电站或发电厂工作许可人许可，并留存。上述单位的（    ）名单应事先送有关运维单位备案。,A-工作票签发人|B-工作负责人|C-工作班成员|D-专责监护人,AB
438,专业题库,02多选题,依据变电安规，检修工作结束以前，若需将设备试加工作电压，应按下列（    ）条件进行：,A-全体作业人员撤离工作地点|B-将该系统的所有工作票全部终结|C-拆除临时遮栏、接地线和标示牌，恢复常设遮栏|D-应在工作负责人和运维人员进行全面检查无误后，由运维人员进行加压试验,ACD
439,专业题库,02多选题,依据变电安规，关于现场人员变更，下列说法正确的是（    ）。,A-工作负责人允许变更一次|B-非特殊情况不得变更工作负责人|C-变更工作班成员时，应经工作票签发人同意|D-原、现工作负责人应对工作任务和安全措施进行交接,ABD
440,专业题库,02多选题,依据变电安规，在原工作票的停电及安全措施范围内增加工作任务时，应（    ）。,A-由工作负责人征得工作班成员同意|B-由工作负责人征得工作票签发人和工作许可人同意|C-在工作票上增填工作项目|D-在工作票上增填安全措施,BC
441,专业题库,02多选题,依据变电安规，专责监护人不得兼做其他工作。专责监护人临时离开时，应通知被监护人员（    ），待专责监护人回来后方可恢复工作。,A-注意安全|B-停止工作|C-离开工作现场|D-相互监督,BC
442,专业题库,02多选题,依据变电安规，工作许可人在完成施工现场的安全措施后，还应完成（　　）手续，工作班方可开始工作。,A-交代工作负责人到现场再次检查所做的安全措施|B-对具体的设备指明实际的隔离措施，证明检修设备确无电压|C-对工作负责人指明带电设备的位置和注意事项|D-和工作负责人在工作票上分别确认、签名,BCD
443,专业题库,02多选题,依据变电安规，工作票签发人的安全责任有（    ）。,A-确认工作必要性和安全性|B-确认工作票上所填安全措施是否正确完备|C-确认所派工作负责人和工作班人员是否适当和充足|D-确认工作班成员的工作能力,ABC
444,专业题库,02多选题,依据变电安规，在同一电气连接部分用同一张工作票依次在几个工作地点转移工作时，工作负责人应向作业人员交待（    ）。,A-带电范围|B-安全措施|C-技术措施|D-注意事项,ABD
445,专业题库,02多选题,依据变电安规，以下属于工作负责人（监护人）的安全责任是（    ）。,A-正确组织工作|B-检查工作票所列安全措施是否正确完备，是否符合现场实际条件，必要时予以补充完善|C-确认工作的必要性|D-工作前，对工作班成员进行工作任务、安全措施、技术措施交底和危险点告知，并确认每个工作班成员都已签名,ABD
446,专业题库,02多选题,依据变电安规，下列（　　）工作需填用变电站（发电厂）第二种工作票。,A-控制盘和低压配电盘、配电箱、电源干线上的|B-高压设备上工作需要部分停电者|C-二次系统和照明等回路上的工作，无需将高压设备停电者或做安全措施者|D-高压电力电缆不需停电的,ACD
447,专业题库,02多选题,依据变电安规，所有工作人员（包括工作负责人）不许单独进入、滞留在（    ）。,A-高压室|B-室外高压设备区内|C-阀厅内|D-控制室内,ABC
448,专业题库,02多选题,依据变电安规，下列关于工作票的有效期与延期，正确的叙述包括（    ）。,A-第一、二种工作票和带电作业工作票的有效时间，以批准的检修期为限|B-第一种工作票只能延期一次|C-第二种工作票只能延期一次|D-带电作业工作票可以延期一次,ABC
449,专业题库,02多选题,依据变电安规，在电气设备上的工作，应填用工作票或事故紧急抢修单，其方式有以下（    ）。,A-变电站（发电厂）第一种、第二种工作票|B-电力电缆第一种、第二种工作票|C-变电站（发电厂）带电作业工作票|D-变电站（发电厂）事故紧急抢修单,ABCD
450,专业题库,02多选题,依据变电安规，关于总、分工作票下列说法正确的是（    ）。,A-总工作票上所列的安全措施应包括所有分工作票上所列的安全措施|B-总、分工作票在格式上与第一种工作票一致|C-分工作票的许可和终结，由分工作票负责人与总工作票负责人办理|D-几个班同时进行工作时，总工作票的工作班成员栏内，需填写全部工作班人员姓名,ABC
451,专业题库,02多选题,依据变电安规，以下属于工作班成员的安全责任是（    ）。,A-正确使用施工器具、安全工器具和劳动防护用品|B-熟悉工作内容、工作流程，掌握安全措施，明确工作中的危险点，并在工作票上履行交底签名确认手续|C-正确组织工作|D-服从工作负责人（监护人）、专责监护人的指挥，严格遵守本规程和劳动纪律，在确定的作业范围内工作，对自己在工作中的行为负责，互相关心工作安全,ABD
452,专业题库,02多选题,依据变电安规，参与公司系统所承担电气工作的外单位或外来工作人员工作前，设备运维管理单位应告知（　　）。,A-作业时间|B-现场电气设备接线情况|C-危险点|D-安全注意事项,BCD
453,专业题库,02多选题,依据变电安规，各类作业人员应接受相应的（    ），经考试合格上岗。,A-安全生产教育|B-安全警示教育|C-岗位技能培训|D-岗位职责培训,AC
454,专业题库,02多选题,依据变电安规，各类作业人员应被告知其作业现场和工作岗位（　　）。,A-存在的危险因素|B-反事故措施|C-防范措施|D-事故紧急处理措施,ACD
455,专业题库,02多选题,依据变电安规，各类作业人员有权拒绝（　　）。,A-违章指挥|B-强令冒险作业|C-加班工作|D-带电工作,AB
456,专业题库,02多选题,依据变电安规，各类作业人员在发现直接危及人身、电网和设备安全的紧急情况时，有权（　　），并立即报告。,A-停止作业|B-在采取可能的紧急措施后撤离作业场所|C-结束工作票|D-立即离开作业现场,AB
457,专业题库,02多选题,依据变电安规，运用中的电气设备，系指（　　）的电气设备。,A-全部带有电压|B-一部分带有电压|C-一经操作即带有电压|D-检修中,ABC
458,专业题库,02多选题,依据变电安规，设备双重名称即设备（　　）。,A-名称|B-状态|C-称号|D-编号,AD
459,专业题库,02多选题,依据变电安规，工作地点，应停电的设备包括：带电部分在作业人员（　　），且无可靠安全措施的设备,A-前面|B-后面|C-两侧|D-上下,BCD
460,专业题库,02多选题,依据变电安规，验电时，以下做法正确的是（    ）。,A-应使用相应电压等级且合格的接触式验电器|B-在装设接地线或合接地刀闸（装置）处对其中一相验电|C-验电前，应先在有电设备上进行试验，确认验电器良好|D-无法在有电设备上进行试验时，可用工频高压发生器等确认验电器良好,ACD
461,专业题库,02多选题,依据变电安规，若室外配电装置的大部分设备停电，只有个别地点保留有带电设备而其他设备无触及带电导体的可能时，以下做法正确的是（　　）。,A-在带电设备四周装设全封闭围栏|B-围栏上悬挂适当数量的“止步，高压危险！”标示牌|C-标示牌应朝向围栏外面|D-标示牌应朝向围栏里面,ABC
462,专业题库,02多选题,依据变电安规，当验明设备确已无电压后，应立即将检修设备（　　）。,A-挂标示牌|B-装设围栏|C-接地|D-三相短路,CD
463,专业题库,02多选题,依据变电安规，在电气设备上工作，保证安全的技术措施有停电、（　　）。,A-办理工作票|B-验电|C-接地|D-悬挂标示牌和装设遮栏（围栏）,BCD
464,专业题库,02多选题,依据变电安规，对无法进行直接验电的设备、高压直流输电设备和雨雪天气时的户外设备，可以进行间接验电，即通过设备的（　　）及各种遥测、遥信等信号的变化来判断。,A-机械指示位置|B-电气指示|C-带电显示装置|D-仪表,ABCD
465,专业题库,02多选题,依据变电安规，在电气设备上工作，保证安全的技术措施由（　　）执行。,A-调控人员|B-检修人员|C-运维人员|D-有权执行操作的人员,CD
466,专业题库,02多选题,依据变电安规，电气设备上工作，检修设备和可能来电侧的断路器（开关）、隔离开关（刀闸）应断开（    ），隔离开关（刀闸）操作把手应锁住，确保不会误送电。,A-控制电源和保护出口压板|B-合闸电源和保护出口压板|C-控制电源|D-合闸能源,CD
467,专业题库,02多选题,依据变电安规，在无绝缘隔板，安全遮拦措施的35kv设备处工作，工作人员工作中正常活动范围与设备带电部分的距离为（    ）m时，设备应停电。,A-1.00|B-0.90|C-0.80|D-0.70,BCD
468,专业题库,02多选题,依据变电安规，装拆接地线，以下做法正确的是（    ）。,"A-装设接地线应先接接地端,后接导体端，接地线应接触良好，连接应可靠 |B-装设接地线应先接导体端，后接接地端，接地线应接触良好，连接应可靠|C-装、拆接地线导体端均应使用绝缘棒和戴绝缘手套|D-人体不得碰触接地线或未接地的导线,以防止触电",ACD
469,专业题库,02多选题,依据变电安规，在室内高压设备上工作，应在（    ）悬挂“止步，高压危险！”的标示牌。,A-工作地点两旁运行设备间隔的遮栏(围栏）上 |B-工作地点对面运行设备间隔的遮栏（围栏）上|C-禁止通行的过道遮栏（围栏)上|D-检修设备上,ABC
470,专业题库,02多选题,依据变电安规，室内母线分段部分、母线交叉部分及部分停电检修易误碰有电设备的，应设有（    ）。,A-明显标志的永久性隔离挡板|B-明显标志的永久性隔离护网|C-临时隔离挡板|D-临时护网,AB
471,专业题库,02多选题,依据变电安规，(　　）、泥石流等灾害发生后，如需要对设备进行巡视时，应制定必要的安全措施，得到设备运维管理单位批准，并至少两人一组，巡视人员应与派出部门之间保持通信联络。,A-地震|B-台风|C-洪水|D-雷电,ABC
472,专业题库,02多选题,依据变电安规，室内（　　），应设有明显标志的永久性隔离挡板（护网）。,A-母线分段部分|B-母线交叉部分|C-部分停电检修易误碰有电设备的|D-母线引下部分,ABC
473,专业题库,02多选题,依据变电安规，高压设备符合下列（    ）条件，可由单人值班或单人操作。,A-室内高压设备的隔离室设有遮栏遮栏的高度在1.7m以上，安装牢固并加锁者|B-室内高压断路器（开关）的操动机构（操作机构）用墙或金属板与该断路器（开关）隔离|C-室内高压断路器（开关）装有远方操动机构（操作机构）者|D-室内高压设备的隔离室设有遮栏，遮栏的高度在1.5m以上，安装牢固并加锁者,ABC
474,专业题库,02多选题,依据变电安规，在运用中的高压设备上工作，分为（    ）。,A-计划停电的工作|B-部分停电的工作|C-不停电的工作|D-全部停电的工作,BCD
475,专业题库,02多选题,依据变电安规，雷雨天气，需要巡视室外高压设备时，应穿绝缘靴，并不准靠近（　　）。,A-互感器|B-避雷针|C-避雷器|D-设备构架,BC
476,专业题库,02多选题,依据变电安规，骨折急救时，肢体骨折可用（　　）等将断骨上、下方两个关节固定，也可利用伤员身体进行固定，避免骨折部位移动，以减少疼痛，防止伤势恶化。,A-夹板|B-木棍|C-废纸板|D-竹竿,ABD
477,专业题库,02多选题,依据变电安规，心肺复苏术操作是否正确，主要靠平时严格训练，掌握正确的方法。而在急救中判断复苏是否有效，可以根据以下（　　）、出现自主呼吸几方面综合考虑。,A-瞳孔|B-面色（口唇）|C-颈动脉搏动|D-神志,ABCD
478,专业题库,02多选题,依据变电安规，脱离电源后，触电伤员如意识丧失，应在开放气道后10s内用（　　）的方法判定伤员有无呼吸。,A-叫|B-看|C-听|D-试,BCD
479,专业题库,02多选题,依据变电安规，装卸高压熔断器，应（　　），必要时使用绝缘夹钳，并站在绝缘垫或绝缘台上。,A-系安全带|B-戴护目眼镜|C-戴线手套|D-戴绝缘手套,BD
480,专业题库,02多选题,依据变电安规，进入SF6配电装置低位区或电缆沟进行工作，应先检测（    ）是否合格。,A-含氧量|B-可燃气体含量|C-CO2气体含量|D-SF6气体含量,AD
481,专业题库,02多选题,依据变电安规，SF6气瓶应放置在（    ）的专门场所，直立保存，并应远离热源和油污的地方。,A-阴凉干燥|B-通风良好|C-敞开|D-密闭,ABC
482,专业题库,02多选题,依据变电安规，SF6设备解体检修，以下做法正确的是（    ）。,A-设备解体检修前，应对SF6气体进行检验|B-根据有毒气体的含量，采取安全防护措施|C-检修人员需穿着防护服并根据需要配戴防毒面具或正压式空气呼吸器|D-取出吸附剂和清除粉尘时，检修人员应戴防毒面具或正压式空气呼吸器和防护手套,ABCD
483,专业题库,02多选题,依据变电安规，从SF6气体钢瓶引出气体时，当瓶内压力降至9.8×104pa（1个大气压）时，即（    ）。,A-停止引出气体|B-拆除减压阀|C-关紧气瓶阀门|D-盖上瓶帽,ACD
484,专业题库,02多选题,依据变电安规，SF6配电装置发生大量泄漏等紧急情况时，以下做法正确的是（    ）。,A-立即封堵泄漏点|B-人员应迅速撤出现场|C-开启所有排风机进行排风|D-未佩戴口罩人员禁止入内,BC
485,专业题库,02多选题,依据变电安规，关于低压回路停电的安全措施，以下做法正确的是（    ）。,A-将检修设备的各方面电源断开取下熔断器|B-在断开的开关或刀闸操作把手上挂 “禁止合闸，有人工作！”的标示牌|C-工作前应验电|D-根据需要采取其他安全措施,ABCD
486,专业题库,02多选题,依据变电安规，低压电气带电工作，禁止使用（    ）等工具。,A-锉刀|B-金属尺|C-带有金属物的毛刷|D-带有金属物的毛掸,ABCD
487,专业题库,02多选题,依据变电安规，在10kV跌落式熔断器上桩头有电的情况下，未采取安全措施前，不准在熔断器下桩头（　　）。,A-新装电缆尾线|B-调换电缆尾线|C-吊装电缆终端头|D-搭接电缆终端头,ABCD
488,专业题库,02多选题,依据变电安规，动火执行人的安全责任有（    ）。,A-动火前应收到经审核批准且允许动火的动火工作票|B-按本工种规定的防火安全要求做好安全措施|C-全面了解动火工作任务和要求，并在规定的范围内执行动火|D-动火工作间断、终结时清理现场并检查有无残留火种,ABCD
489,专业题库,02多选题,依据变电安规，出现下列（    ）情况，禁止动火。,A-压力容器或管道未泄压前|B-存放易燃易爆物品的容器未清洗干净前或未进行有效置换前|C-风力达5级以上的露天作业|D-喷漆现场,ABCD
490,专业题库,02多选题,依据变电安规，以下关于连接电动机械及电动工具的电气回路说法中正确的是（    ）。,A-每个开关控制的电动机械或电动工具不超过两个|B-装设剩余电流动作保护器（漏电保护器）|C-金属外壳应接地|D-应做到“一机一闸一保护”,BCD
491,专业题库,02多选题,依据变电安规，在以下（    ）区域内动火，应填用变电站二级动火工作票。,A-主控室|B-电缆沟道（竖井）|C-电缆夹层|D-蓄电池室（铅酸）,ABC
492,专业题库,02多选题,依据变电安规，在重点防火部位和存放易燃易爆物品的场所附近及存有易燃物品的容器上使用电、气焊时，以下做法正确的是（    ）。,A-应佩戴正压式呼吸器|B-应严格执行动火工作的有关规定|C-按有关规定填用动火工作票|D-备有必要的消防器材,BCD
493,专业题库,02多选题,依据变电安规，动火作业应有专人监护，动火作业前应（    ）。,A-清除动火现场及周围的易燃物品|B-要求消防监护人测定动火部位（现场）氧气含量符合安全要求|C-采取其他有效的安全防火措施|D-配备足够适用的消防器材,ACD
494,专业题库,02多选题,依据变电安规，关于抡大锤，以下说法正确的是（    ）。,A-不准戴手套抡大锤|B-不准用单手抡大锤|C-抡大锤周围不准有人靠近|D-应戴手套抡大锤,ABC
495,专业题库,02多选题,依据变电安规，关于钻床的使用，以下说法正确的是（    ）。,A-使用钻床时，应将工件设置牢固后，方可开始工作|B-清除钻孔内金属碎屑时，应先停止钻头的转动|C-禁止用手直接清除铁屑|D-使用钻床应戴手套,ABC
496,专业题库,02多选题,依据变电安规，关于电气工具和用具的使用，以下做法正确的是（    ）。,A-使用前应检查电线是否完好，有无接地线|B-不合格的禁止使用|C-使用时应按有关规定接好剩余电流动作保护器（漏电保护器）和接地线|D-使用中发生故障，应立即报废,ABC
497,专业题库,02多选题,依据变电安规，动火工作完毕后，（　　）应检查现场有无残留火种，是否清洁等。,A-动火工作票签发人|B-动火执行人|C-消防监护人|D-动火工作负责人,BCD
498,专业题库,02多选题,依据变电安规，使用电气工具时，不准提着电气工具的（    ）部分。,A-把手（手柄）|B-转动|C-金属外壳|D-导线,BD
499,专业题库,02多选题,依据变电安规，变电站（生产厂房）内外的电缆，在进入（    ）等处的电缆孔洞，应用防火材料严密封闭。,A-控制室|B-电缆夹层|C-控制柜|D-开关柜,ABCD
500,专业题库,02多选题,依据变电安规，在带电设备周围禁止使用（    ）进行测量工作。,A-钢卷尺|B-绝缘尺|C-皮卷尺|D-线尺（夹有金属丝者）,ACD
501,专业题库,02多选题,依据变电安规，在以下（    ）区域内动火，应填用变电站一级动火工作票。,A-主控室|B-电缆沟道（竖井）|C-变压器、压变、充油电缆等注油设备|D-蓄电池室（铅酸）,CD
502,专业题库,02多选题,依据变电安规，一级动火在首次动火时，各级审批人和动火工作票签发人均应到现场检查（    ）后方可动火。,A-防火安全措施是否正确完备|B-测定可燃气体的含量是否合格|C-测定易燃液体的可燃蒸汽含量是否合格|D-在监护下做明火试验确无问题,ABCD
503,专业题库,02多选题,依据变电安规，手持电动工器具如有（    ）或有损于安全的机械损伤等故障时，应立即进行修理，在未修复前，不得继续使用。,A-绝缘损坏、电源线护套破裂|B-电源线护套油污|C-保护线脱落|D-插头插座裂开,ACD
504,专业题库,02多选题,依据变电安规，消防监护人的安全责任有（    ）。,A-负责动火现场配备必要的、足够的消防设施，检查现场消防安全措施的完善和正确|B-测定或指定专人测定动火部位（现场）可燃性气体、易燃液体的可燃蒸气含量符合安全要求|C-始终监视现场动火作业的动态，发现失火及时扑救|D-动火工作间断、终结时检查现场有无残留火种,ABCD
505,专业题库,02多选题,依据变电安规，动火工作负责人的安全责任有（    ）。,"A-正确安全地组织动火工作|B-负责检查应做的安全措施并使其完善,并向有关人员布置动火工作，交待防火安全措施和进行安全教育|C-始终监督现场动火工作和负责办理动火工作票开工和终结|D-动火工作间断、终结时检查现场无残留火种",ABCD
506,专业题库,02多选题,依据变电安规，起重工作中，遇到有下列（    ）情况，应制定专门的安全技术措施，经本单位批准，作业时应有技术负责人在场指导，否则不准施工。,A-起重设备在带电导体下方或距带电体较近时|B-两台及以上起重设备抬吊同一物件|C-起吊重要设备、精密物件、不易吊装的大件或在复杂场所进行大件吊装|D-爆炸品、危险品必须起吊时,ABCD
507,专业题库,02多选题,依据变电安规，纤维绳出现下列（    ）情况者禁止使用。,A-松股|B-散股|C-严重磨损|D-断股,ABCD
508,专业题库,02多选题,依据变电安规，钢丝绳应定期浸油，遇有下列（    ）情况之一者应予报废。,A-绳芯损坏或绳股挤出|B-笼状畸形、严重扭结或弯折|C-钢丝绳压扁变形及表面起毛刺严重者|D-钢丝绳断丝数量不多，但断丝增加很快者,ABCD
509,专业题库,02多选题,依据变电安规，起重指挥信号应（    ）。,A-简明|B-统一|C-畅通|D-分工明确,ABCD
510,专业题库,02多选题,依据变电安规，遇有（    ）时，不准进行起重工作。,A-指挥人员看不清各工作地点|B-大雾|C-起重机操作人员未获得有效指挥|D-照明不足,ABCD
511,专业题库,02多选题,依据变电安规，在露天使用起重机，应注意（    ）。,A-机身上不得随意安设增加受风面积的设施|B-起重机驾驶室内，冬天可装有电气取暖设备，在工作人员离开时应切断电源|C-起重机驾驶室内可准用电炉取暖|D-起重机驾驶室内不准用煤火炉取暖,ABD
512,专业题库,02多选题,依据变电安规，起重设备的操作人员和指挥人员应经（    ）后方可独立上岗作业。,A-专业技术培训|B-实际操作考试合格、取得合格证|C-有关安全规程考试合格、取得合格证|D-安全监督管理部门同意,ABC
513,专业题库,02多选题,依据变电安规，起重时，重量达到起重设备额定负荷的90％及以上时，应（    ），否则不准施工。,A-制定专门的安全技术措施|B-经本单位批准|C-作业时应有技术负责人在场指导|D-作业时应有工区领导在场指导,ABC
514,专业题库,02多选题,依据变电安规，汽车起重机行驶时，以下做法正确的是（    ）。,A-应将臂杆放在支架上|B-吊钩挂在挂钩上并将钢丝绳收紧|C-禁止上车操作室坐人|D-吊钩挂在挂钩上并将钢丝绳放松,ABC
515,专业题库,02多选题,依据变电安规，在进行高处作业时，下列说法正确有（    ）。,A-除有关人员外，不准他人在工作地点的下面通行或逗留|B-工作地点下面应有围栏或装设其他保护装置，防止落物伤人|C-如在格栅式的平台上工作，为了防止工具和器材掉落，应采取有效隔离措施，如铺设模板等|D-较大的工具可平放在构架上,ABC
516,专业题库,02多选题,依据变电安规，阀体工作使用升降车上下时，以下做法正确的是（    ）。,A-升降车应可靠接地|B-在升降车上应正确使用安全带|C-进入阀体前，应取下安全帽和安全带上的保险钩，防止金属打击造成元件、光缆的损坏|D-进入阀体前，应注意防止高处坠落,ABCD
517,专业题库,02多选题,依据变电安规，高处作业均应先（    ），方可进行。,A-搭设脚手架|B-使用高空作业车|C-使用升降平台|D-采取其他防止坠落措施,ABCD
518,专业题库,02多选题,依据变电安规，高处作业区周围的孔洞、沟道等应设（    ）并有固定其位置的措施。,A-盖板|B-安全网|C-围栏|D-专人看守,ABC
519,专业题库,02多选题,依据变电安规，安全带禁止系挂在（    ）物件上。,A-隔离开关（刀闸）支持绝缘子|B-普通脚钉|C-线路支柱绝缘子|D-牢固的钢结构,ABC
520,专业题库,02多选题,依据《安全设施标准》，安全标志牌应定期检查，如发现有（    ）等不符合要求的标志牌，应及时修整或更换。,A-破损|B-变形|C-褪色|D-掉落,ABC
521,专业题库,02多选题,《安全设施标准》规定，安全设施是生产经营活动中将危险因素、有害因素控制在安全范围内以及预防、减少、消除危害所设置的（    ）等的统称。,A-安全标志|B-设备标志|C-安全警示线|D-安全防护设施,ABCD
522,专业题库,02多选题,依据《安全设施标准》，高处作业的地点，应至少设置“当心坠落”“禁止抛物”和“必须系安全带”（  ），下方应装设（  ）标志牌。,A-标志牌|B-警示牌|C-“当心落物”|D-“小心坠落”,AC
523,专业题库,02多选题,《安全设施标准》规定，安全防护设施应确保完好，按要求定期（    ）。,A-检查|B-保养|C-维护|D-试验,ABCD
524,专业题库,02多选题,根据两票三制规定，关于总、分工作票下列说法正确的是（    ）。,A-总工作票上所列的安全措施应包括所有分工作票上所列的安全措施|B-总、分工作票在格式上与第一种工作票一致|C-分工作票的许可和终结，由分工作票负责人与总工作票负责人办理|D-几个班同时进行工作时，总工作票的工作班成员栏内，需填写全部工作班成员性名,ABC
525,专业题库,02多选题,根据两票三制规定，在原工作票的停电及安全措施范围内增加工作任务时，应由（    ）同意后，（    ），此时允许手工填写。,A-由工作负责人征得工作班成员同意|B-由工作负责人征得工作票签发人和工作许可人同意|C-在工作票上增填工作项目|D-在工作票上增填安全措施,BC
526,专业题库,02多选题,根据两票三制规定，工作票由（    ）填写。,A-工作票签发人|B-工作负责人|C-工作许可人|D-专责监护人,AB
527,专业题库,02多选题,按照“谁管理、谁负责”的原则，各单位应结合平台应用，明确各专业计划管理人员，健全计划（    ）、（    ）和（    ）工作机制，严格计划编审、发布与执行的全过程管控。,A-编制|B-审批|C-发布|D-执行,ABC
528,专业题库,02多选题,作业风险辨识及评估定级前，应通过作业任务分析、现场勘察等方式全面了解掌握作业现场条件、环境及作业可能存在的危险点，一般应由（    ）或（    ）组织。,A-工作票签发人|B-工作负责人|C-工作许可人|D-安全员,AB
529,专业题库,02多选题,严格外包作业管理，严格执行外包作业（    ）、（    ）、（    ）制度，监督外包作业安全、技术、组织措施的落实，保障外包作业现场施工的安全和质量。,A-双勘察|B-双交底|C-双签发|D-双准入,ABC
530,专业题库,02多选题,现场勘察时，应重点开展以下哪些工作（    ）。,A-仔细核对检修设备台账|B-核查设备运行状况及存在缺陷|C-分析现场作业风险及预控措施|D-对作业风险分级的准确性进行复核,ABCD
531,专业题库,02多选题,依据严重违章释义，存在（    ），冒险组织作业；存在重大事故隐患被要求（    ）、停止使用有关设备、设施、场所或者立即采取排除危险的整改措施，而未执行的，属于Ⅰ类严重违章。,A-重大事故隐患而不排除|B-约时停、送电|C-停止施工|D-重新布置安全措施,AC
532,专业题库,02多选题,依据严重违章释义，施工总承包单位或专业承包单位未派驻（    ）等主要管理人员；合同约定由承包单位负责采购的主要建筑材料、构配件及工程设备或租赁的施工机械设备，由其他单位或个人采购、租赁。属于II类严重管理违章。,A-项目负责人|B-技术负责人|C-质量管理负责人|D-安全管理负责人,ABCD
533,专业题库,02多选题,依据严重违章释义，在带电设备周围使用（    ）等禁止使用的工器具属II类严重违章。,A-钢卷尺|B-金属梯|C-线尺（夹有金属丝者）|D-金属脚手架,ABCD
534,专业题库,02多选题,依据严重违章释义，擅自（    ）或遗撒危险化学品属于Ⅲ类严重违章。,A-倾倒|B-堆放|C-丢弃|D-买卖,ABC
535,专业题库,02多选题,国家电网公司生产现场作业“十不干”禁令规定，工作班成员工作前要认真听取工作负责人、专责监护人交代，熟悉（    ）、（    ），掌握（    ），明确工作中的（    ），履行确认手续后方可开始工作。,A-工作内容|B-工作流程|C-安全措施|D-危险点|E-人员分工|F-防护措施,ABCD
536,专业题库,02多选题,国家电网公司生产现场作业“十不干”禁令规定，擅自（    ）、（    ），将使作业人员脱离原有安全措施保护范围，极易引发人身触电等安全事故。,A-扩大工作范围|B-变更作业人员|C-增加或变更工作任务|D-改变工作时间,AC
537,专业题库,02多选题,国家电网公司生产现场作业“十不干”禁令规定，（    ）、（    ）、（    ）等工作环境比较复杂，同时又是一个相对密闭的空间，容易聚集易燃易爆及有毒气体。,A-高压室|B-电缆井|C-电缆隧道|D-深度超过2m的基坑、沟（槽）内,BCD
538,专业题库,02多选题,国家电网公司生产现场作业“十不干”禁令规定，作业过程中（    ）、（    ）应始终在工作现场认真监护。,A-工作票签发人|B-工作负责人|C-专责监护人|D-工作许可人,BC
539,专业题库,02多选题,地市（县）公司级单位、二级机构按照“谁管理、谁公示”原则，以审定的（    ）为依据，每周日前对本层级管理的下周所有作业风险进行全面公示。,A-作业计划|B-风险等级|C-管控措施|D-作业人员,ABC
540,专业题库,02多选题,各单位、专业部门、班组应充分利用工作例会、班前会等，逐级组织交待（    ）和管控措施，从上至下将“四清楚”任务传达到岗、到人。,A-工作任务|B-作业风险|C-工作地点|D-注意事项,AB
541,专业题库,02多选题,国家电网有限公司作业安全风险管控工作规定，作业开始前工作负责人应核实作业必需的（    ），确保合格有效。,A-工器具|B-个人安全防护用品|C-三措一案|D-工作票,AB
542,专业题库,02多选题,国家电网有限公司作业安全风险管控工作规定，作业开始前工作负责人应核实作业人员是否具备（    ）、特种作业人员是否（    ）、特种设备是否（    ）。,A-安全准入资格|B-持证上岗|C-检测合格|D-标准规范,ABC
543,专业题库,02多选题,各级安监部门应将作业风险管控工作纳入日常督查工作内容，将（    ）等情形纳入违章行为进行严肃通报处罚。,A-无计划作业|B-随意变更作业计划|C-风险评估定级不严格|D-管控措施不落实,ABCD
544,专业题库,02多选题,针对施工现场作业已识别出的风险因素和风险评价的结果，制定和实施（    ）风险的有效措施。,A-消除|B-降低|C-控制|D-跟踪,ABC
545,专业题库,02多选题,对于建设单位直接委托的变电站消防工程作业、图像监控等，涉及专业承包商独立完成的，由专业承包商将施工（    ）报监理项目部备案。,A-作业票签发人|B-班组负责人|C-安全监护人|D-工作班成员,ABC
546,专业题库,02多选题,国家电网有限公司作业安全风险管控工作规定的作业安全风险，是在生产施工作业过程中，由于生产组织安排、人员作业行为、施工工艺方法、设备环境状态等因素，可能导致发生人身、电网、设备等安全事故（事件）的可能性与严重性的组合。其中作业人身风险涉及（    ）、中毒窒息等。,A-触电伤害|B-高处坠落|C-物体打击|D-机械伤害,ABCD
547,专业题库,02多选题,三级风险作业，相关地市供电公司级单位或建设管理单位专业管理部门人员、县供电公司级单位、（    ）负责人或（    ）人员应到岗到位。,A-二级机构|B-监理项目部|C-专业管理部门|D-业主项目部,AC
548,专业题库,02多选题,二级及以上风险作业，相关地市供电公司级单位或建设管理单位（    ）及以上领导、（    ）负责人或省电力公司级单位专业管理部门人员应到岗到位。,A-副总师|B-二级机构|C-分管领导|D-专业管理部门,AD
549,通用题库,03判断题,习近平总书记在2015年5月31日中共中央政治局第二十三次集体学习时强调，要切实增强抵御和应对自然灾害能力，坚持以防为主、防抗救相结合的方针，坚持常态减灾和非常态救灾相统一，全面提高全社会抵御自然灾害的综合防范能力。,A-正确|B-错误,A
550,通用题库,03判断题,习近平总书记2013年6月6日就做好安全生产工作作出重要指示，人命关天，发展决不能以牺牲人的生命为代价。这必须作为一条不可逾越的红线。,A-正确|B-错误,A
551,通用题库,03判断题,2013年11月24日，习近平总书记在听取青岛市黄岛经济开发区黄潍输油管线泄漏引发爆燃事故情况汇报时的讲话，要做到“一厂出事故、万厂受教育，一地有隐患、全国受警示”。各地区和各行业领域要深刻吸取安全事故带来的教训，强化安全责任，改进安全监管，落实防范措施。,A-正确|B-错误,A
552,通用题库,03判断题,2020年4月10日，习近平总书记就安全生产作出的重要指示，要针对安全生产事故主要特点和突出问题，层层压实责任，狠抓整改落实，强化风险防控，从根本上消除事故隐患，有效遏制重特大事故发生。,A-正确|B-错误,A
553,通用题库,03判断题,2013年11月24日，习近平总书记在听取青岛市黄岛经济开发区黄潍输油管线泄漏引发爆燃事故情况汇报时的讲话，：我们必须牢固树立这样一个观念，就是不能要带血的生产总值。发展要以人为本、以民为本。不要强调在目前阶段安全事故“不可避免论”。,A-正确|B-错误,A
554,通用题库,03判断题,2013年11月24日，习近平总书记在听取青岛市黄岛经济开发区黄潍输油管线泄漏引发爆燃事故情况汇报时的讲话，各地区各部门、各类企业都要坚持安全生产高标准、严要求，加大安全生产指标考核权重，实行安全生产和重大安全生产事故风险“一票否决”。,A-正确|B-错误,A
555,通用题库,03判断题,2024年1月24日习近平对江西新余店铺火灾作出重要指示，习近平强调，各地区和有关部门要深刻吸取教训，克服麻痹思想和侥幸心理，进一步压实安全生产责任，认真排查隐患，狠抓工作落实，坚决遏制各类安全事故多发连发势头，确保人民群众生命财产安全和社会大局稳定。（    ）,A-正确|B-错误,A
556,通用题库,03判断题,新《安全生产法》规定，从业人员发现直接危及人身安全的紧急情况时，有权停止作业或者在采取可能的应急措施后撤离作业场所。（    ） ,A-正确|B-错误,A
557,通用题库,03判断题,新《安全生产法》规定，生产经营单位的从业人员是指该单位从事生产经营活动各项工作的所有人员，包括管理人员、技术人员和各岗位的工人，但不包括临时聘用的人员。（    ）,A-正确|B-错误,B
558,通用题库,03判断题,新《安全生产法》规定，生产经营单位不得以任何形式与从业人员订立协议，免除或者减轻其对从业人员因生产安全事故伤亡依法应承担的责任，但从业人员有违章作业情形的除外。（    ） ,A-正确|B-错误,B
559,通用题库,03判断题,新《安全生产法》规定，危险物品的生产、经营、储存、运输单位以及矿山、金属冶炼、城市轨道交通运营、建筑施工单位应当配备必要的应急救援器材、设备和物资，并进行经常性维护、保养，保证正常运转。（    ） ,A-正确|B-错误,A
560,通用题库,03判断题,新《安全生产法》规定，生产经营单位不得使用应当淘汰的危及生产安全的工艺、设备。（    ） ,A-正确|B-错误,A
561,通用题库,03判断题,新《安全生产法》中规定，事故抢救过程中应当采取必要措施，避免或者减少对环境造成的危害。（    ） ,A-正确|B-错误,A
562,通用题库,03判断题,新《安全生产法》规定，生产经营单位必须对安全设备进行经常性维护、保养，并定期检测，保证正常运转。（    ） ,A-正确|B-错误,A
563,通用题库,03判断题,依据新《安全生产法》第七十二条规定，承担安全评价、认证、检测、检验职责的机构应当具备国家规定的资质条件，并对其作出的安全评价、认证、检测、检验结果的合法性、真实性负责。,A-正确|B-错误,A
564,通用题库,03判断题,新《安全生产法》规定，生产经营单位不得以任何形式与从业人员订立协议，免除或者减轻其对从业人员因生产安全事故伤亡依法应承担的责任。（    ） ,A-正确|B-错误,A
565,通用题库,03判断题,依据新《安全生产法》，生产经营单位的从业人员享有工伤保险和伤亡求偿权;危险因素和事故应急措施的知情权;安全管理的批评、检控权;拒绝违章指挥和强令冒险作业权;紧急情况下的停止作业和紧急撤离权。（    ） ,A-正确|B-错误,A
566,通用题库,03判断题,新《安全生产法》规定，生产经营单位的从业人员有依法获得安全生产保障的权利，并应当依法履行安全生产方面的义务。（    ） ,A-正确|B-错误,A
567,通用题库,03判断题,新《安全生产法》规定，生产经营单位只要为从业人员提供符合国家标准或者行业标准的劳动防护用品就可以了，从业人员使用与否是从业人员的自由，与生产经营单位无关。（    ） ,A-正确|B-错误,B
568,通用题库,03判断题,新《安全生产法》规定，从业人员应当接受安全生产教育和培训，掌握本职工作所需的安全生产知识，提高安全生产技能，增强事故预防和应急处理能力。（    ） ,A-正确|B-错误,A
569,通用题库,03判断题,新《安全生产法》规定，生产经营单位使用被派遣劳动者的，被派遣劳动者享有《安全生产法》规定的从业人员的权利，并应当履行《安全生产法》规定的从业人员的义务。（    ） ,A-正确|B-错误,A
570,通用题库,03判断题,依据《安全生产法》，生产经营单位发生生产安全事故后，事故现场有关人员必须先查清事故原因再报告本单位负责人。（    ） ,A-正确|B-错误,B
571,通用题库,03判断题,依据新《安全生产法》第七十二条规定，承担安全评价、认证、检测、检验职责的机构应当具备国家规定的资质条件，并对其作出的安全评价、认证、检测、检验结果的合法性、真实性负责。,A-正确|B-错误,A
572,通用题库,03判断题,依据新《安全生产法》第三十条规定，生产经营单位的特种作业人员按照地方、行业有关规定经专门的安全作业培训，取得相应资格，方可上岗作业。,A-正确|B-错误,B
573,通用题库,03判断题,"有关地方人民政府、负有安全生产监督管理职责的部门，对生产安全事故隐瞒不报、谎报或者迟报,构成犯罪的,应当依照《刑法》修正案（十一）第三百九十七条关于国家机关工作人员滥用职权、玩忽职守罪的规定，追究其刑事责任。",A-正确|B-错误,B
574,通用题库,03判断题,《刑法修正案（十一）》规定，强令他人违章冒险作业，或者明知存在重大事故隐患而不排除，仍冒险组织作业，因而发生重大伤亡事故或者造成其他严重后果的，处五年以下有期徒刑或者拘役；情节特别恶劣的，处五年以上有期徒刑。,A-正确|B-错误,A
575,通用题库,03判断题,依据《刑法修正案（十一）》规定，在生产、作业中违反有关安全管理的规定，具有发生重大伤亡事故或者其他严重后果的现实危险的，构成危险作业罪，处一年以下有期徒刑、拘役或者管制。,A-正确|B-错误,A
576,通用题库,03判断题,依据《电力安全事故应急处置和调查处理条例》，事故造成电网大面积停电的，电力企业应当按照国家有关规定，启动相应的应急预案，成立应急指挥机构，尽快恢复电网运行和电力供应，防止各种次生灾害的发生。,A-正确|B-错误,B
577,通用题库,03判断题,依据《电力安全事故应急处置和调查处理条例》，事故可能导致破坏电力系统稳定和电网大面积停电的，地方人民政府有关领导有权决定采取拉限负荷、解列电网、解列发电机组等必要措施。,A-正确|B-错误,B
578,通用题库,03判断题,依据《电力安全事故应急处置和调查处理条例》，电力监管机构应当指导电力企业加强电力应急救援队伍建设，完善应急物资储备制度。,A-正确|B-错误,A
579,通用题库,03判断题,《国家电网公司安全工作规定》规定，公司各级单位主管安全领导是本单位的安全第一责任人，对本单位安全工作和安全目标负全面责任。,A-正确|B-错误,B
580,通用题库,03判断题,《国家电网公司安全工作规定》规定，防汛、抗震、防台风、防雨雪冰冻灾害等应急预案所需项目，可作为制定和修订反事故措施计划的依据。,A-正确|B-错误,A
581,通用题库,03判断题,《国家电网公司安全工作规定》规定，可以在没有监护的条件下指派外来工作人员单独从事有危险的工作。,A-正确|B-错误,B
582,通用题库,03判断题,各级安全生产委员会办公室负责建立健全本单位隐患排查治理规章制度，组织实施隐患排查治理工作，协调解决隐患排查治理重大问题、重要事项，提供资源保障并监督治理措施落实。,A-正确|B-错误,B
583,通用题库,03判断题,各级单位将生产经营项目或工程项目发包、场所出租的，应与承包、承租单位签订安全生产管理协议，并在协议中明确各方对安全隐患排查、治理和管控的管理职责；不必对承包、承租单位隐患排查治理进行统一协调和监督管理，定期进行检查，发现问题及时督促整改。,A-正确|B-错误,B
584,通用题库,03判断题,隐患一经确定，隐患所在单位应立即采取防止隐患发展的安全控制措施，并根据隐患具体情况和紧急程度，制定治理计划，明确治理单位、责任人和完成时限，限期完成治理，做到责任、措施、资金、期限和应急预案“五落实”,A-正确|B-错误,A
585,通用题库,03判断题,依据《重大电力安全隐患判定标准(试行)》（国能综通安全〔2022〕123号），特高压换流变（油浸式平波电抗器）、乙炔、总烃等特征气体明显增高，内部存在局放，绝缘电阻和介损试验数据严重超标不构成重大电力隐患。,A-正确|B-错误,B
586,通用题库,03判断题,依据《重大电力安全隐患判定标准(试行)》（国能综通安全〔2022〕123号），建设单位将建设项目发包给不具备安全生产条件或相应资质施工企业，所属工程专项施工方案未按规定开展编、审、批或专家论证，开展爆破、吊装、有限空间等危险作业未履行施工作业许可审批手续或无人监护构成重大电力隐患。,A-正确|B-错误,A
587,通用题库,03判断题,依据《重大火灾隐患判定方法》，在人员密集场所(教学楼、图书馆、员工集体宿舍等)违反消防安全规定使用、储存或销售易燃易爆危险品构成重大火灾隐患,A-正确|B-错误,A
588,通用题库,03判断题,依据《水利工程运行管理生产安全重大事故隐患判定清单》和《能源局电力安全隐患监督管理规定》第六条重大工程隐患判定标准，大坝及泄水、输水等建筑物的强度、稳定、泄流安全不满足规范要求，存在危及工程安全的异常变形、坝体贯穿性裂缝、近坝岸坡不稳定或其他工程缺陷构成重大事故隐患,A-正确|B-错误,A
589,通用题库,03判断题,《国家电网公司安全工作奖惩规定》规定，发生责任性或造成不良影响事件、未有效履行安全生产职责、未有效落实安全生产工作部署、未有效执行安全生产制度规程等情形的，上级单位应约谈有关单位负责人和相关人员，并责令限期改正。,A-正确|B-错误,A
590,通用题库,03判断题,《国家电网公司安全工作奖惩规定》规定，发生一般及以上人身事故、五级及以上责任性电网和设备事件、六级及以上责任性信息系统事件，或发生造成重大影响事件后，相关单位应在发生之日起的一个月内到总部“说清楚”。,A-正确|B-错误,B
591,通用题库,03判断题,《国家电网公司安全工作奖惩规定》规定，公司所属各单位一年内重复发生事故或性质恶劣事件，对有关单位和人员按照相关条款上限或提高一个等级进行处罚。,A-正确|B-错误,A
592,通用题库,03判断题,依据《国家电网有限公司安全事故调查规程》，电网因安全自动装置正确动作或调度运行人员按事故处理预案进行处理的非人员责任的事故，不中断调度机构的安全记录。若由于人员处理不当或设备本身故障构成事故者，仍应中断安全记录。,A-正确|B-错误,A
593,通用题库,03判断题,依据《国家电网有限公司安全事故调查规程》，检查评估工作在事故调查结案后的一年内开展。,A-正确|B-错误,A
594,通用题库,03判断题,依据《国家电网有限公司安全事故调查规程》，被单位派出到用户工程工作过程中发生的人身伤亡事件属于人身事故。,A-正确|B-错误,A
595,通用题库,03判断题,依据《国家电网有限公司安全事故调查规程》，即时报告后事故出现新情况的，可视情况补报。,A-正确|B-错误,B
596,通用题库,03判断题,依据《国家电网有限公司安全事故调查规程》，因抢救人员生命而紧急停止设备运行构成的事故，应中断安全记录。,A-正确|B-错误,B
597,通用题库,03判断题,依据《国家电网有限公司安全事故调查规程》，事故调查组在事故调查的基础上，分析并明确事故发生、扩大的直接原因和间接原因，管理原因和技术原因。必要时，事故调查组可委托专业技术部门进行相关计算、试验、分析。,A-正确|B-错误,A
598,通用题库,03判断题,依据《应急管理工作规定》，应急抢修队负责快速响应实施突发事件应急救援。,A-正确|B-错误,B
599,通用题库,03判断题,依据《应急管理工作规定》，各单位还应配合政府相关部门建立生产安全事故应急救援信息系统，并通过系统进行应急预案备案和相关信息报送。,A-正确|B-错误,A
600,通用题库,03判断题,依据《应急管理工作规定》，公司建立健全应急管理监督检查和考核机制，上级单位应当对下级单位应急工作开展情况进行检查。,A-正确|B-错误,B
601,通用题库,03判断题,2021年5月4日国网甘肃电力±800千伏祁韶线年度检修期间，在进行1413#塔耐张线夹X光无损探伤检测作业过程中，发生一起人员高空坠落事故，造成探伤检测业务外包单位1名劳务人员死亡，该事故暴露出事故责任单位存在专业外委管理失责、作业组织管理失责、作业风险管控失责、规矩意识和纪律意识不强等问题。,A-正确|B-错误,A
602,通用题库,03判断题,2022年6月22日，国网西藏电力110千伏芒盐线发生雷击故障，线路两侧线路保护动作跳闸，500千伏芒康变电站110千伏双套母线保护因芒盐线CT变比错误动作跳闸，造成芒康变110千伏Ⅱ母、110千伏盐井变及35千伏徐中变、罗热变、莽措湖变失电，损失负荷1兆瓦。调查认定，500千伏芒康变电站110千伏Ⅱ母跳闸事件是一起六级设备事件。,A-正确|B-错误,B
603,通用题库,03判断题,2023年9月3日，国网蒙东电力所属通辽供电公司在进行500千伏科尔沁变电站扎科1号线5043开关、扎科2号线5053开关合闸电阻拆除施工时，5043开关A相电流互感器二次电缆线芯端部绝缘胶带脱落，二次电流回路两点接地，线路差动保护动作，造成5042开关、500千伏扎科1号线跳闸。导致该事件的直接原因是现场强令冒险作业。,A-正确|B-错误,B
604,通用题库,03判断题,2023年9月14日，四川天府新区供电公司220千伏罗家店变电站261间隔扩建期间，发生220千伏Ⅱ母三相故障跳闸。这起事件是在基建施工阶段开展设备耐压试验时，施工人员带接地刀误合运行母线侧隔离开关，造成母线三相金属接地的恶性误操作事件。,A-正确|B-错误,A
605,通用题库,03判断题,2023年2月22日13时12分许，内蒙古自治区阿拉善盟孪井滩生态移民示范区内蒙古新井煤业有限公司露天煤矿发生特别重大坍塌事故，造成53人死亡、6人受伤，直接经济损失20430.25万元。调查认定：该事故是一起企业在井工转露天技改期间边建设边生产，违法包给不具备矿山建设资质的施工单位长期冒险蛮干，相关部门监管执法“宽松软虚”，地方党委政府失管失察，致使重大风险隐患长期存在而导致的生产安全责任事故。,A-正确|B-错误,A
606,通用题库,03判断题,2023年4月18日12时50分，北京市丰台区靛厂新村291号北京长峰医院发生重大火灾事故，造成29人死亡、42人受伤，直接经济损失3831.82万元。调查认定，北京丰台长峰医院“4·18”火灾事故是一起因事发医院违法违规实施改造工程、施工安全管理不力、日常管理混乱、火灾隐患长期存在，施工单位违规作业、现场安全管理缺失，加之应急处置不力，地方党委政府和有关部门职责不落实而导致的重大生产安全责任事故。,A-正确|B-错误,A
607,专业题库,03判断题,依据变电安规，一个电气连接部分是指：电气装置中，可以用断路器（开关）同其他电气装置分开的部分。,A-正确|B-错误,B
608,专业题库,03判断题,依据变电安规，总工作票应在分工作票许可后才可许可；总工作票应在所有分工作票终结后才可终结。,A-正确|B-错误,B
609,专业题库,03判断题,依据变电安规，承发包工程中，工作票可实行“双签发”形式。,A-正确|B-错误,A
610,专业题库,03判断题,依据变电安规，工作票有破损不能继续使用时，应补填新的工作票。补填的工作票不需再次履行签发许可手续。,A-正确|B-错误,B
611,专业题库,03判断题,依据变电安规，第一种工作票所列工作地点超过两个，或有两个及以上不同的工作单位(班组)在一起工作时，可采用总工作票和分工作票。,A-正确|B-错误,A
612,专业题库,03判断题,依据变电安规，全站停电可不使用工作票。,A-正确|B-错误,B
613,专业题库,03判断题,依据变电安规，第二种工作票和带电作业工作票应在工作前一日预先交给工作许可人。,A-正确|B-错误,B
614,专业题库,03判断题,依据变电安规，在同一变电站内，依次进行的同一类型的带电作业可以使用一张带电作业工作票。,A-正确|B-错误,A
615,专业题库,03判断题,依据变电安规，工作票应使用黑色或蓝色的钢（水）笔或圆珠笔填写与签发，一式两份，内容应正确，填写应清楚，不得任意涂改。,A-正确|B-错误,A
616,专业题库,03判断题,依据变电安规，专责监护人临时离开时，应指定一名工作人员担任临时监护人。,A-正确|B-错误,B
617,专业题库,03判断题,依据变电安规，用户变、配电站的工作许可人应是持有效证书的高压电气工作人员。,A-正确|B-错误,A
618,专业题库,03判断题,依据变电安规，运维人员实施不需高压设备停电或做安全措施的变电运维一体化业务项目时，可不使用工作票，但应以书面形式记录相应的操作和工作等内容。,A-正确|B-错误,A
619,专业题库,03判断题,依据变电安规，事故紧急抢修应填用工作票，或事故紧急抢修单。,A-正确|B-错误,A
620,专业题库,03判断题,依据变电安规，一台变压器停电检修，其断路器（开关）也配合检修，且同时停、送电，可使用同一张工作票。,A-正确|B-错误,A
621,专业题库,03判断题,专责监护人应是具有相关工作经验，熟悉设备情况和《电力安全工作规程 变电部分》的人员。,A-正确|B-错误,A
622,专业题库,03判断题,依据变电安规，在同一电气连接部分用同一张工作票依次在几个工作地点转移工作时，全部安全措施由运维人员在开工前一次做完，不需再办理转移手续。,A-正确|B-错误,A
623,专业题库,03判断题,依据变电安规，只有在同一停电系统的所有工作票都已终结，并得到值班调控人员或运维负责人的许可指令后，方可合闸送电。,A-正确|B-错误,A
624,专业题库,03判断题,依据变电安规，一个工作负责人可以同时执行多张工作票，工作票上所列的工作地点，以一个电气连接部分为限。,A-正确|B-错误,B
625,专业题库,03判断题,依据变电安规，新参加电气工作的人员、实习人员和临时参加劳动的人员（管理人员、非全日制用工等），应经过安全知识教育后，方可到现场单独工作。,A-正确|B-错误,B
626,专业题库,03判断题,依据变电安规，事故紧急抢修工作，指电气设备发生故障被迫紧急停止运行，需按计划恢复的抢修和排除故障的工作。,A-正确|B-错误,B
627,专业题库,03判断题,依据变电安规，降压变电站全部停电时，应将各个可能来电侧的部分断开，其余部分不必每段都装设接地线或合上接地刀闸（装置）。,A-正确|B-错误,B
628,专业题库,03判断题,依据变电安规，所有配电装置的适当地点，均应设有与接地网相连的接地端，接地电阻应合格。,A-正确|B-错误,A
629,专业题库,03判断题,依据变电安规，高压回路上的工作，必须要拆除全部或一部分接地线后始能进行工作者，如果是根据调控人员指令装设的接地线，应征得工作负责人的许可，方可进行。,A-正确|B-错误,B
630,专业题库,03判断题,依据变电安规，在电气设备上工作，对难以做到与电源完全断开的检修设备，可以不拆除设备与电源之间的电气连接。,A-正确|B-错误,B
631,专业题库,03判断题,依据变电安规，接地线应使用专用的线夹固定在导体上，也可用缠绕的方法进行接地或短路。,A-正确|B-错误,B
632,专业题库,03判断题,依据变电安规，禁止在只经断路器（开关）断开电源或只经换流器闭锁隔离电源的设备上工作。,A-正确|B-错误,A
633,专业题库,03判断题,依据变电安规，表示设备断开和允许进入间隔的信号、经常接入的电压表等，如果指示有电，在排除异常情况前，禁止在设备上工作。,A-正确|B-错误,A
634,专业题库,03判断题,依据变电安规，由于设备原因，接地刀闸与检修设备之间连有断路器（开关），在接地刀闸和断路器（开关）合上后，应有保证断路器（开关）不会分闸的措施。,A-正确|B-错误,A
635,专业题库,03判断题,依据变电安规，每组接地线及其存放位置均应编号，接地线号码与存放位置号码应一致。,A-正确|B-错误,A
636,专业题库,03判断题,依据变电安规，装设接地线应由两人进行（经批准可以单人装设接地线的项目及运维人员除外）。,A-正确|B-错误,A
637,专业题库,03判断题,依据变电安规，禁止作业人员擅自移动或拆除遮栏（围栏）、标示牌。,A-正确|B-错误,A
638,专业题库,03判断题,依据变电安规，在工作地点应设置“从此进出！”的标示牌。,A-正确|B-错误,B
639,专业题库,03判断题,依据变电安规，装、拆接地线，应作好记录，交接班时应交待清楚。,A-正确|B-错误,A
640,专业题库,03判断题,依据变电安规，巡视室内设备，应随手关门。,A-正确|B-错误,A
641,专业题库,03判断题,依据变电安规，地震、台风、洪水、泥石流等灾害发生后，如需要对设备进行巡视时，应制定必要的安全措施，得到设备运维管理单位批准，可单人巡视，但巡视人员应与派出部门之间保持通信联络。,A-正确|B-错误,B
642,专业题库,03判断题,依据变电安规，待用间隔的隔离开关(刀闸)操作手柄、网门可不加锁。,A-正确|B-错误,B
643,专业题库,03判断题,依据变电安规，经本单位批准允许单独巡视高压设备的人员巡视高压设备时，如果确因工作需要，可临时移开或越过遮栏，事后应立即恢复。,A-正确|B-错误,B
644,专业题库,03判断题,依据变电安规，换流站不允许单人值班或单人操作。,A-正确|B-错误,A
645,专业题库,03判断题,依据变电安规，解锁工具（钥匙）使用后应在所有工作结束后再封存并作好记录。,A-正确|B-错误,B
646,专业题库,03判断题,依据变电安规，在运行中若必须进行中性点接地点断开的工作时，应先建立有效的旁路接地才可进行断开工作。,A-正确|B-错误,A
647,专业题库,03判断题,依据变电安规，高压设备上工作，在手车开关拉出后，应观察隔离挡板是否可靠封闭。,A-正确|B-错误,A
648,专业题库,03判断题,依据变电安规，部分停电的工作，是指高压设备部分停电，或室内虽全部停电，而通至邻接高压室的门并未全部闭锁的工作。,A-正确|B-错误,A
649,专业题库,03判断题,依据变电安规，创伤急救时，如果伤员颅脑外伤，应使伤员采取平卧位，保持气道通畅，若有呕吐，应扶好头部和身体，使头部和身体同时侧转，防止呕吐物造成窒息。,A-正确|B-错误,A
650,专业题库,03判断题,依据变电安规，怀疑可能存在有害气体时，应立即将人员撤离现场，转移到通风良好处休息。抢救人员进入险区应戴防毒面具。,A-正确|B-错误,A
651,专业题库,03判断题,依据变电安规，平地搬运时伤员头部在前，上楼、下楼时、下坡时头部都在下，搬运中应严密观察伤员，防止伤情突变。,A-正确|B-错误,B
652,专业题库,03判断题,依据变电安规，触电者神志不清，判断意识无，有心跳，但呼吸停止或极微弱时，应立即用仰头抬颏法，使气道开放，并对触电者施行心脏按压。,A-正确|B-错误,B
653,专业题库,03判断题,依据变电安规，可用电线、铁丝、细绳等作止血带使用。,A-正确|B-错误,B
654,专业题库,03判断题,依据变电安规，低压触电时，因触电者的身体是带电的，其鞋的绝缘也可能遭到破坏，救护人不得接触触电者的皮肤，也不能抓他的鞋。,A-正确|B-错误,A
655,专业题库,03判断题,依据变电安规，救护者在救护过程中特别是在杆上或高处抢救伤者时，要注意自身和被救者不要触及附近带电体，防止再次触及带电设备。,A-正确|B-错误,B
656,专业题库,03判断题,依据变电安规，开放性骨折，伴有大出血者，先固定、再止血，并用干净布片覆盖伤口，然后速送医院救治。,A-正确|B-错误,B
657,专业题库,03判断题,依据变电安规，伤员脱离电源后，当发现触电者呼吸微弱或停止时，应立即通畅触电者的气道以促进触电者呼吸或便于抢救。,A-正确|B-错误,A
658,专业题库,03判断题,依据变电安规，冻伤急救时，应将伤员身上潮湿的衣服剪去后用干燥柔软的衣服覆盖，并立即烤火或搓雪。,A-正确|B-错误,B
659,专业题库,03判断题,依据变电安规，创伤急救时，外部出血立即采取止血措施，防止失血过多休克。,A-正确|B-错误,A
660,专业题库,03判断题,依据变电安规，毒蛇咬伤后，不要惊慌、奔跑、饮酒，以免加速蛇毒在人体内扩散。,A-正确|B-错误,A
661,专业题库,03判断题,依据变电安规，SF6气瓶搬运时，应轻装轻卸。,A-正确|B-错误,A
662,专业题库,03判断题,依据变电安规，SF6配电装置室、电缆层（隧道）的排风机电源开关应设置在门内。,A-正确|B-错误,B
663,专业题库,03判断题,依据变电安规，在打开的SF6电气设备上工作的人员，应经专门的安全技术知识培训，配置和使用必要的安全防护用具。,A-正确|B-错误,A
664,专业题库,03判断题,依据变电安规，工作人员不准在SF6设备防爆膜附近停留。,A-正确|B-错误,A
665,专业题库,03判断题,依据变电安规，SF6断路器（开关）进行操作时，禁止检修人员在其外壳上进行工作。,A-正确|B-错误,A
666,专业题库,03判断题,依据变电安规，SF6设备检修结束后，检修人员应洗澡，把用过的工器具、防护用具妥善保管。,A-正确|B-错误,B
667,专业题库,03判断题,依据变电安规，尽量避免一人进入SF6配电装置室进行巡视或从事检修工作。,A-正确|B-错误,B
668,专业题库,03判断题,依据变电安规，低压配电装置和低压导线上进行带电工作，使用有绝缘柄的工具时，其外裸的导电部位应采取绝缘措施，防止操作时相间或相对地短路。,A-正确|B-错误,A
669,专业题库,03判断题,依据变电安规，电缆沟的盖板开启后，应自然通风一段时间，方可下井工作。,A-正确|B-错误,B
670,专业题库,03判断题,依据变电安规，电缆施工完成后应将穿越过的孔洞进行封堵。,A-正确|B-错误,A
671,专业题库,03判断题,依据变电安规，沟(槽)开挖时，在堆置物堆起的斜坡上可以放置工具材料等器物。,A-正确|B-错误,B
672,专业题库,03判断题,依据变电安规，电力电缆作业，开断电缆时，扶绝缘柄的人应戴手套，并采取防灼伤措施（如防护面具等）。,A-正确|B-错误,B
673,专业题库,03判断题,依据变电安规，电力电缆作业，掘路施工区域应用标准路栏等严格分隔，并有明显标记，夜间施工应佩戴反光标志，施工地点应加挂警示灯。,A-正确|B-错误,A
674,专业题库,03判断题,依据变电安规，开启电缆井井盖、电缆沟盖板及电缆隧道人孔盖时应使用专用工具，同时注意所立位置。,A-正确|B-错误,A
675,专业题库,03判断题,依据变电安规，不熟悉风动工具使用方法和修理方法的工作人员，不准擅自使用或修理风动工具。,A-正确|B-错误,A
676,专业题库,03判断题,依据变电安规，对于动火作业，可以采用不动火的方法代替而同样能够达到效果时，尽量采用替代的方法处理。,A-正确|B-错误,A
677,专业题库,03判断题,依据变电安规，使用射钉枪、压接枪等爆发性工具时，除严格遵守说明书的规定外，还应遵守爆破的有关规定。,A-正确|B-错误,A
678,专业题库,03判断题,依据变电安规，禁止在机器转动时，从联轴器（靠背轮）和齿轮上取下防护罩或其他防护设备。,A-正确|B-错误,A
679,专业题库,03判断题,依据变电安规，锉刀、手锯、木钻、螺丝刀等的手柄应安装牢固，没有手柄的应小心使用。,A-正确|B-错误,B
680,专业题库,03判断题,依据变电安规，在使用电气工具工作中，因故离开工作场所或暂时停止工作以及遇到临时停电时，应使电源状态保持不变。,A-正确|B-错误,B
681,专业题库,03判断题,依据变电安规，电动的工具、机具应接地或接零良好。,A-正确|B-错误,A
682,专业题库,03判断题,依据变电安规，机器的转动部分应装有防护罩或其他防护设备（如栅栏），露出的轴端应设有护盖，以防绞卷衣服。,A-正确|B-错误,A
683,专业题库,03判断题,依据变电安规，气瓶搬运应使用专门的抬架或手推车。,A-正确|B-错误,A
684,专业题库,03判断题,依据变电安规，动火作业间断或终结后，应汇报工作票签发人，后方可离开。,A-正确|B-错误,B
685,专业题库,03判断题,依据变电安规，所有电气设备的金属外壳均应有良好的接地装置。使用中不准将接地装置拆除，但可对其进行工作。,A-正确|B-错误,B
686,专业题库,03判断题,依据变电安规，动火作业中，有条件拆下的构件，如油管、阀门等应拆下移至安全场所。,A-正确|B-错误,A
687,专业题库,03判断题,依据变电安规，禁止把氧气瓶及乙炔气瓶放在一起运送，也不准与易燃物品或装有可燃气体的容器一起运送。,A-正确|B-错误,A
688,专业题库,03判断题,依据变电安规，动火工作负责人应是具备检修工作负责人资格的人员。,A-正确|B-错误,B
689,专业题库,03判断题,依据变电安规，一、二级动火工作在次日动火前应重新检查防火安全措施，并测定可燃气体、易燃液体的可燃蒸气含量，合格方可重新动火。,A-正确|B-错误,A
690,专业题库,03判断题,依据变电安规，动火作业，尽可能地把动火时间和范围扩展到最高限度。,A-正确|B-错误,B
691,专业题库,03判断题,依据变电安规，使用中的氧气瓶和乙炔气瓶应水平固定放置。,A-正确|B-错误,B
692,专业题库,03判断题,依据变电安规，凡盛有或盛过易燃易爆等化学危险物品的容器、设备、管道等生产、储存装置，在动火作业前应将其与生产系统彻底隔离，并进行清洗置换，检测可燃气体、易燃液体的可燃蒸汽含量合格后，方可动火作业。,A-正确|B-错误,A
693,专业题库,03判断题,依据变电安规，上爬梯应逐档检查爬梯是否牢固，上下爬梯应抓牢，应两手同时抓一个梯阶。,A-正确|B-错误,B
694,专业题库,03判断题,依据变电安规，空气压缩机输气管应避免急弯。,A-正确|B-错误,A
695,专业题库,03判断题,依据变电安规，变电站一、二级动火工作票签发人应是经本单位（动火单位或设备运维管理单位）批准且公布的有关部门负责人、技术负责人或经本单位批准的其他人员。,A-正确|B-错误,B
696,专业题库,03判断题,依据变电安规，禁止使用没有防护罩的砂轮（特殊工作需要的手提式小型砂轮除外）。砂轮机的安全罩应完整。,A-正确|B-错误,A
697,专业题库,03判断题,依据变电安规，二级动火时，工区应指定人员，并和消防（专职）人员或指定的义务消防员始终在现场监护。,A-正确|B-错误,A
698,专业题库,03判断题,依据变电安规，经单位批准，可在带有压力（液体压力或气体压力）的设备上或带电的设备上进行焊接。,A-正确|B-错误,B
699,专业题库,03判断题,依据变电安规，各生产场所应有逃生路线的标示。,A-正确|B-错误,A
700,专业题库,03判断题,依据变电安规，使用锯床时，工件应夹牢，长的工件两头应垫牢，并防止工件锯断时伤人。,A-正确|B-错误,A
701,专业题库,03判断题,依据变电安规，起吊重物不准让其长期悬在空中。有重物悬在空中时，禁止驾驶人员离开驾驶室或做其他工作。,A-正确|B-错误,A
702,专业题库,03判断题,依据变电安规，用两台及两台以上千斤顶同时顶升一个物体时，千斤顶的总起重能力应不小于荷重的两倍。,A-正确|B-错误,A
703,专业题库,03判断题,依据变电安规，千斤顶禁止超载使用，可加长手柄进行操作。,A-正确|B-错误,B
704,专业题库,03判断题,依据变电安规，汽车起重机及轮胎式起重机作业前应先支好全部支腿后方可进行其他操作；作业完毕后，将臂杆收回即可起腿。,A-正确|B-错误,B
705,专业题库,03判断题,依据变电安规，禁止将千斤顶放在长期无人照料的荷重下面。,A-正确|B-错误,A
706,专业题库,03判断题,依据变电安规，切断麻绳、纤维绳的绳索时，应先将预定切断的两边用线绳扎结，以免切断后绳索松散，断头应编结处理。,A-正确|B-错误,B
707,专业题库,03判断题,依据变电安规，吊起的重物如需在空中停留较长时间，应将手拉链拴在起重链上，并在重物上加设保险绳。,A-正确|B-错误,A
708,专业题库,03判断题,依据变电安规，起重设备、吊索具和其他起重工具的工作负荷，不准超过铭牌规定。,A-正确|B-错误,A
709,专业题库,03判断题,依据变电安规，起重物品应绑牢，吊钩要挂在物品的重心线上。,A-正确|B-错误,A
710,专业题库,03判断题,依据变电安规，起重搬运时只能由一人统一指挥，必要时可设置中间指挥人员传递信号。,A-正确|B-错误,A
711,专业题库,03判断题,依据变电安规，合成纤维吊装带用于不同承重方式时，应严格按照标签给予定值使用。,A-正确|B-错误,A
712,专业题库,03判断题,依据变电安规，钢丝绳应按出厂技术数据使用。无技术数据时，应进行拉伸试验。,A-正确|B-错误,B
713,专业题库,03判断题,依据变电安规，不准使卸扣处于吊件的转角处。,A-正确|B-错误,A
714,专业题库,03判断题,依据变电安规，如使用的滑车可能着地，则应在滑车底下垫以篷布，防止垃圾窜入滑车。,A-正确|B-错误,B
715,专业题库,03判断题,依据变电安规，卸扣应是锻造的。卸扣不准横向受力。,A-正确|B-错误,A
716,专业题库,03判断题,依据变电安规，起重作业，长期或频繁地靠近架空线路或其他带电体作业时，应停电作业。,A-正确|B-错误,B
717,专业题库,03判断题,依据变电安规，卸扣的销子不准扣在活动性较小的索具内。,A-正确|B-错误,B
718,专业题库,03判断题,依据变电安规，千斤顶下降速度应缓慢，禁止在带负荷的情况下使其突然下降。,A-正确|B-错误,A
719,专业题库,03判断题,依据变电安规，链条葫芦操作时，人员不得站在链条葫芦的正下方。,A-正确|B-错误,A
720,专业题库,03判断题,依据变电安规，链条葫芦在使用中如发生卡链情况，应将重物卸下后方可进行检修。,A-正确|B-错误,B
721,专业题库,03判断题,依据变电安规，禁止管理人员在起重工作区域内行走或停留。,A-正确|B-错误,B
722,专业题库,03判断题,依据变电安规，只有做好相关安全措施后，才允许用起重机起吊埋在地下的物件。,A-正确|B-错误,B
723,专业题库,03判断题,依据变电安规，合成纤维吊装带应按出厂数据使用，无数据时应避免与尖锐棱角接触，如无法避免应装设必要的护套。,A-正确|B-错误,B
724,专业题库,03判断题,依据变电安规，合成纤维吊装带发现外部护套破损显露出内芯时，应采取相关措施后方可使用。,A-正确|B-错误,B
725,专业题库,03判断题,依据变电安规，吊物上不许站人，禁止作业人员利用吊钩来上升或下降。,A-正确|B-错误,A
726,专业题库,03判断题,依据变电安规，链条葫芦起重链可拆成单股使用，但不得打扭。,A-正确|B-错误,B
727,专业题库,03判断题,依据变电安规，脚手架的安装、拆除和使用，应执行《国家电网公司电力安全工作规程［火（水）电厂（动力部分）］》中的有关规定及国家相关规程规定。,A-正确|B-错误,A
728,专业题库,03判断题,依据变电安规，在屋顶以及其他危险的边沿进行工作，靠墙一面应装设安全网或防护围栏，否则，作业人员应使用安全带。,A-正确|B-错误,B
729,专业题库,03判断题,依据变电安规，高处作业人员在转移作业位置时不得失去安全保护，但转移完毕后必须恢复。,A-正确|B-错误,B
730,专业题库,03判断题,依据变电安规，低温或高温环境下作业，应采取保暖和防暑降温措施，作业时间不宜过长。,A-正确|B-错误,A
731,专业题库,03判断题,依据变电安规，在4级及以上的大风以及暴雨、雷电、冰雹、大雾、沙尘暴等恶劣天气下，应停止露天高处作业。,A-正确|B-错误,B
732,专业题库,03判断题,依据变电安规，梯子可绑接使用。人字梯应有限制开度的措施。,A-正确|B-错误,B
733,专业题库,03判断题,依据变电安规，在电焊作业或其他有火花、熔融源等的场所使用的安全带或安全绳应有隔热防磨套。,A-正确|B-错误,A
734,专业题库,03判断题,依据变电安规，高处作业区周围的孔洞、沟道等应设专人看守，夜间还应设红灯示警。,A-正确|B-错误,B
735,专业题库,03判断题,依据变电安规，梯子应坚固完整，有防滑措施。梯子的支柱应能承受作业人员及所携带的工具、材料攀登时的总重量。,A-正确|B-错误,A
736,专业题库,03判断题,依据变电安规，安全带的挂钩或绳子应挂在结实牢固的构件或满足 GB 30862 要求的挂点装置上，防止脱落；并应采用低挂高用的方式。,A-正确|B-错误,B
737,专业题库,03判断题,依据变电安规，高处作业禁止将工具及材料上下投掷，应用绳索栓牢传递，以免打伤下方作业人员或击毁脚手架。,A-正确|B-错误,A
738,专业题库,03判断题,依据变电安规，人在梯子上时，禁止移动梯子。,A-正确|B-错误,A
739,专业题库,03判断题,依据变电安规，阀体工作不得坐在阀体工作层的边缘，以防高空坠落。,A-正确|B-错误,A
740,专业题库,03判断题,依据变电安规，高处作业使用的脚手架应经验收合格后方可使用。上下脚手架应走斜道或梯子，作业人员应沿脚手杆或栏杆等攀爬。,A-正确|B-错误,B
741,专业题库,03判断题,依据变电安规，高处作业人员在作业过程中，应随时检查安全带是否栓牢。,A-正确|B-错误,A
742,专业题库,03判断题,依据变电安规，高处作业应一律使用工具袋。,A-正确|B-错误,A
743,专业题库,03判断题,依据变电安规，高处作业时，较大的工具应用绳栓在牢固的构件上，工件、边角余料应放置在牢靠的地方或用铁丝扣牢并有防止坠落的措施，不准随便乱放，以防止从高空坠落发生事故。,A-正确|B-错误,A
744,专业题库,03判断题,依据《安全设施标准》，存在工业气瓶的场所，应设置“必须采取固定措施”指令标志牌。（    ）,A-正确|B-错误,A
745,专业题库,03判断题,依据《安全设施标准》，变压器、有限空间、燃气调压站、气瓶间等现场存在典型危险点的部位应至少设置危险点警示牌。（    ）,A-正确|B-错误,A
746,专业题库,03判断题,依据《安全设施标准》，安全警示线一般采用黄色或与对比色（黑色）同时使用。（    ）,A-正确|B-错误,A
747,专业题库,03判断题,依据《安全设施标准》，安全标志牌不宜设在可移动的物体上，以免标志牌随母体物体相应移动，影响认读。（    ）,A-正确|B-错误,A
748,专业题库,03判断题,依据《安全设施标准》，应在电缆隧道入口处以及储存易燃易爆物品仓库门口处合理配置灭火器等消防器材，在火灾易发生部位设置火灾探测和自动报警装置。（    ）,A-正确|B-错误,A
749,专业题库,03判断题,根据两票三制规定，事故紧急抢修应填用工作票，或事故紧急抢修单。（    ）,A-正确|B-错误,A
750,专业题库,03判断题,根据两票三制规定，总工作票应在分工作票许可后才可许可，总工作票应在所有分工作票终结后才可终结。（    ）,A-正确|B-错误,B
751,专业题库,03判断题,根据两票三制规定，工作期间，工作负责人若因故暂时离开工作现场时，应指定能胜任的人员临时代替，离开前应将工作现场交待清楚，并告知工作许可人。（    ）,A-正确|B-错误,B
752,专业题库,03判断题,根据两票三制规定，在同一电气连接部分用同一张工作票依次在几个工作地点转移工作时，全部安全措施由运维人员在开工前一次做完，不需再办理转移手续。（    ）,A-正确|B-错误,A
753,专业题库,03判断题,根据两票三制规定，工作票所列入的专责监护人，应具有相关工作经验，熟悉设备情况和《安规》，可以不是本次工作的工作班成员。（    ）,A-正确|B-错误,B
754,专业题库,03判断题,根据两票三制规定，事故紧急处理可以不用操作票。,A-正确|B-错误,A
755,专业题库,03判断题,根据两票三制规定，一级动火工作票有效期为48小时。（    ）,A-正确|B-错误,B
756,专业题库,03判断题,采取劳务外包或劳务分包的项目，所需施工作业安全方案、工作票（作业票）、机具设备及工器具等应由承包方负责，并纳入本单位班组统一进行作业的组织、指挥、监护和管理。（    ）,A-正确|B-错误,B
757,专业题库,03判断题,公司对承包单位的作业人员实行安全准入管理，各单位每季度定期组织开展安全准入考试，作业人员经准入考试合格后方可从事现场生产施工作业，对因作业需要临时新增或重新准入的进场作业人员，应采取动态考试方式实施准入。（    ）,A-正确|B-错误,B
758,专业题库,03判断题,安全准入考试作为进入公司所属生产经营区域作业的基本条件，可替代专业部门、承包单位按照国家法律法规应开展的安全教育培训和考试。（    ）,A-正确|B-错误,B
759,专业题库,03判断题,邻近带电设备的起重作业，起重指挥和司机应一同参加现场勘察。（    ）,A-正确|B-错误,A
760,专业题库,03判断题,强化外包人员作业行为管控，严肃查纠外包人员作业现场违章，实行安全记分“淘汰”制。（    ）,A-正确|B-错误,A
761,专业题库,03判断题,故障抢修方案应按照相应风险等级要求组织编审批，抢修工作结束前完成即可。（    ）,A-正确|B-错误,B
762,专业题库,03判断题,要加强组织领导，强化责任和措施落实，全面提高作业人员安全意识、作业风险辨识能力和现场安全管控水平，确保不发生生产作业现场人身伤亡事故、恶性误操作事件以及运维检修管理责任的设备故障跳闸（临停）事件。（    ）,A-正确|B-错误,A
763,专业题库,03判断题,依据严重违章释义，将高风险作业定级为低风险，属于Ⅱ类严重违章。（    ）,A-正确|B-错误,B
764,专业题库,03判断题,依据严重违章释义，地市级或县级单位，应每年对工作票“三种人”进行培训考试，合格后书面公布“三种人”名单。（    ）,A-正确|B-错误,A
765,专业题库,03判断题,依据严重违章释义，设备的双重名称，或名称及编号应唯一、正确、清晰。（    ）,A-正确|B-错误,A
766,专业题库,03判断题,依据严重违章释义，作业中可使用金具U型环代替卸扣。（    ）,A-正确|B-错误,B
767,专业题库,03判断题,依据严重违章释义，“作业现场存在重大事故隐患而不排除，冒险组织作业；存在重大事故隐患被要求停止施工、停止使用有关设备、设施、场所或者立即采取排除危险的整改措施，而未执行的。”属于I类严重行为违章。（    ）,A-正确|B-错误,B
768,专业题库,03判断题,依据严重违章释义，劳务分包人员可以担任工作负责人（作业负责人）。（    ）,A-正确|B-错误,B
769,专业题库,03判断题,依据严重违章释义，开始工作前，必须履行工作许可程序。（    ）,A-正确|B-错误,A
770,专业题库,03判断题,国家电网公司生产现场作业“十不干”要求：“四不两直”督查人员不在现场的不干。（    ）,A-正确|B-错误,B
771,专业题库,03判断题,国家电网公司生产现场作业“十不干”禁令规定，不得使用不合格的或超出检验期的安全工器具。（    ）,A-正确|B-错误,A
772,专业题库,03判断题,国家电网公司生产现场作业“十不干”禁令规定，工作负责人（作业负责人、专责监护人）应全程在现场。暂时离开作业现场时，应指定能胜任的人员临时代替。长时间离开作业现场时，应由原工作票签发人变更工作负责人。（    ）,A-正确|B-错误,A
773,专业题库,03判断题,国家电网公司生产现场作业“十不干”禁令规定，无日计划作业，以及无票作业，均属于I类严重违章。（    ）,A-正确|B-错误,A
774,专业题库,03判断题,国家电网公司生产现场作业“十不干”禁令规定，作业点未在接地保护范围，属于I类严重行为违章。（    ）,A-正确|B-错误,A
775,专业题库,03判断题,国家电网公司生产现场作业“十不干”禁令规定，漏挂接地线或漏合接地刀闸，属于I类严重行为违章。（    ）,A-正确|B-错误,A
776,专业题库,03判断题,国家电网有限公司作业安全风险管控工作规定，各类生产施工作业均应纳入计划管控，严禁无计划作业。,A-正确|B-错误,A
777,专业题库,03判断题,按照“谁安排计划、谁组织辨识”的原则，作业风险的辨识工作由作业管理单位负责组织有关专业管理部门、设备运维管理单位共同开展。施工作业单位不需要参加。,A-正确|B-错误,B
778,专业题库,03判断题,作业风险定级应以每日作业计划为单元进行，同一作业计划内包含多个不同等级工作或不同类型的风险时，按就低原则定级。,A-正确|B-错误,B
779,专业题库,03判断题,因现场作业条件变化、作业内容变更等引起作业风险等级调整的，不需重新履行识别、评估、定级和管控措施制定审核等流程。,A-正确|B-错误,B
780,专业题库,03判断题,国家电网有限公司作业安全风险管控工作规定，各单位应建立健全风险告知与公示制度，做好作业风险告知与公示工作。,A-正确|B-错误,A
781,专业题库,03判断题,国家电网有限公司作业安全风险管控工作规定，县供电公司级单位对所辖范围内的全部作业现场及相关管控措施落实情况开展督查。,A-正确|B-错误,A
782,专业题库,03判断题,变电站（换流站）保护及自动装置更换或改造作业不需要现场勘察。,A-正确|B-错误,B
783,专业题库,03判断题,配电线路杆塔组立、导线架设、电缆敷设等检修、改造项目施工作业需要现场勘察。,A-正确|B-错误,A
784,专业题库,03判断题,新装（更换）配电箱式变电站、开闭所、环网单元、电缆分支箱、变压器、柱上开关等设备作业不需要现场勘察。,A-正确|B-错误,B
785,专业题库,03判断题,涉及多专业、多单位、多班组的大型复杂作业和非本班组管辖范围内设备检修（施工）的作业需要现场勘察。,A-正确|B-错误,A
786,专业题库,03判断题,使用吊车、挖掘机等大型机械的作业不需要现场勘察。,A-正确|B-错误,B
787,专业题库,03判断题,跨越铁路、高速公路、重要输电线路、通航河流等施工作业需要现场勘察。,A-正确|B-错误,A
788,专业题库,03判断题,输变电工程建设施工将风险从大到小分别对应为极高风险、高度风险、显著风险、一般风险、稍有风险。,A-正确|B-错误,A
789,专业题库,03判断题,风险作业过程管控，可以不开具施工作业票开展风险作业。,A-正确|B-错误,B
790,专业题库,03判断题,风险作业开始实施前，作业班组负责人必须召开站班会，宣读作业票进行交底。,A-正确|B-错误,A
791,专业题库,03判断题,一张施工作业票可包涵最多一项三级及以上风险作业和多项四级、五级风险作业，按其中最低的风险等级确定作业票种类。,A-正确|B-错误,B
792,专业题库,03判断题,作业票终结以最高等级的风险作业为准，未完成的其他风险作业延续到后续作业票。,A-正确|B-错误,A
793,通用题库,04简答题,安全生产“三管三必须”指的是什么？,\,管行业必须管安全，管业务必须管安全，管生产经营必须管安全
794,通用题库,04简答题,新《安全生产法》规定，从业人员保证安全生产的义务有哪些？,\,"(1)在作业过程中必须遵守本单位的安全生产规章制度和操作规程，服从管理，不得违章作业。
(2)接受安全生产教育和培训，掌握本职工作所需要的安全生产知识。
(3)发现事故隐患应当及时向本单位安全生产管理人员或主要负责人报告。
(4)正确佩戴和使用劳动防护用品。"
795,通用题库,04简答题,依据新《安全生产法》，从业人员保证安全生产的义务有哪些？,\,"(1)在作业过程中必须遵守本单位的安全生产规章制度和操作规程，服从管理，不得违章作业。
(2)接受安全生产教育和培训，掌握本职工作所需要的安全生产知识。
(3)发现事故隐患应当及时向本单位安全生产管理人员或主要负责人报告。
(4)正确佩戴和使用劳动防护用品。"
796,通用题库,04简答题,依据《电力安全事故应急处置和调查处理条例》，事故造成电网大面积停电的，有关地方人民政府及有关部门应当立即组织开展哪些应急处置工作？,\,（一）加强对停电地区关系国计民生、国家安全和公共安全的重点单位的安全保卫，防范破坏社会秩序的行为，维护社会稳定；（二）及时排除因停电发生的各种险情；（三）事故造成重大人员伤亡或者需要紧急转移、安置受困人员的，及时组织实施救治、转移、安置工作；（四）加强停电地区道路交通指挥和疏导，做好铁路、民航运输以及通信保障工作；（五）组织应急物资的紧急生产和调用，保证电网恢复运行所需物资和居民基本生活资料的供给。
797,通用题库,04简答题,请分析一下《国家电网公司安全工作规定》对公司各级单位作业安全风险管控工作是如何要求的？,\,公司各级单位应针对运维、检修、施工等生产作业活动，从计划编制、作业组织、现场实施等关键环节，分析辨识作业安全风险，开展安全承载能力分析，实施作业安全风险预警，制定落实风险管控措施，落实到岗到位要求。
798,通用题库,04简答题,根据《国家电网公司安全工作奖惩规定》，请简述一下公司所属各级单位发生八级事件，有哪几条处罚规定？,\,1.对主要责任者给予通报批评。2.对事故责任者所在单位二级机构负责人及上述有关责任人员给500~1000元的经济处罚。
799,通用题库,04简答题,依据《国家电网有限公司安全事故调查规程》，请简答什么是“四不放过”？,\,事故原因未查清不放过、责任人员未处理不放过、整改措施未落实不放过、有关人员未受到教育不放过。（答案要点）
800,通用题库,04简答题,依据《国家电网有限公司安全事故调查规程》，提出人员处理意见时，存在哪些情况须从严处理？,\,"(1)违章指挥、违章作业、违反劳动纪律造成事故发生的；
(2)事故发生后迟报、漏报、瞒报、谎报或在调查中弄虚作假、隐瞒真相的；
(3)阻挠或无正当理由拒绝事故调查或提供有关情况和资料的。"
801,通用题库,04简答题,"
2023年11月3日，国网内蒙古东部电力有限公司赤峰供电公司松山变电工区在66千伏镇北变电站缺陷处理过程中，扩大作业范围，导致1名作业人员碰触带电设备死亡。该事故暴露的主要问题是什么？",\,答：1、作业计划管理失控。2、作业组织管理失序。3、现场违章冒险作业。4、设备异动管理不到位。5、作业人员安全意识不足。6、事故信息报送不及时。
802,专业题库,04简答题,依据变电安规，在电气设备上工作，保证安全的组织措施有哪些？,\,a）现场勘察制度。b）工作票制度。c）工作许可制度。d）工作监护制度。e）工作间断、转移和终结制度。
803,专业题库,04简答题,依据变电安规，什么是不停电工作？,\,不停电工作是指：a)工作本身不需要停电并且不可能触及导电部分的工作。b)可在带电设备外壳上或导电部分上进行的工作。
804,专业题库,04简答题,依据变电安规，什么是全部停电的工作？,\,全部停电的工作，是指室内高压设备全部停电（包括架空线路与电缆引入线在内），并且通至邻接高压室的门全部闭锁，以及室外高压设备全部停电（包括架空线路与电缆引入线在内）的工作。
805,专业题库,04简答题,依据变电安规，在电气设备上工作，保证安全的技术措施有哪些？,\,a）停电。b）验电。c)接地。d)悬挂标示牌和装设遮栏（围栏）。
806,专业题库,04简答题,依据变电安规，紧急救护时，现场工作人员应掌握哪些救护方法？,\,现场工作人员都应定期接受培训，学会紧急救护法，会正确解脱电源，会心肺复苏法，会止血、会包扎、会固定，会转移搬运伤员，会处理急救外伤或中毒等。
807,专业题库,04简答题,依据变电安规，在原工作票的停电及安全措施范围内增加工作任务时，应遵守哪些规定？,\,在原工作票的停电及安全措施范围内增加工作任务时，应由工作负责人征得工作票签发人和工作许可人同意，并在工作票上增填工作项目。
808,专业题库,04简答题,依据变电安规，工作许可手续完成后，工作负责人、专责监护人还应履行哪些手续，工作班方可开始工作？,\,工作许可手续完成后，工作负责人、专责监护人应向工作班成员交待工作内容、人员分工、带电部位和现场安全措施，进行危险点告知，并履行确认手续，工作班方可开始工作。
809,专业题库,04简答题,依据变电安规，全部工作完毕，工作负责人还需履行哪些手续后，方表示工作终结？,\,工作负责人应先周密地检查，待全体作业人员撤离工作地点后，再向运维人员交待所修项目、发现的问题、试验结果和存在问题等，并与运维人员共同检查设备状况、状态，有无遗留物件，是否清洁等，然后在工作票上填明工作结束时间。经双方签名后，表示工作终结。
810,专业题库,04简答题,依据《安全设施标准》，安全标志有哪几种基本类型？,\,安全标志包括禁止标志、警告标志、指令标志、提示标志四种基本类型。
811,专业题库,04简答题,什么是“两票三制”？,\,两票是指工作票、操作票；三制是指：交接班制、巡回检查制、设备定期试验轮换制。
812,专业题库,04简答题,依据严重违章释义，严重违章的定义是什么？,\,严重违章主要指易造成领导失察、责任悬空、风险失控以及酿成安全事故的管理、行为及装置类等违章，并按照严重程度由高至低分为：Ⅰ类严重违章、Ⅱ类严重违章和Ⅲ类严重违章。
813,专业题库,04简答题,国网公司生产现场作业“十不干”的内容有哪些？,\,无票的不干；工作任务、危险点不清楚的不干；危险点控制措施未落实的不干；超出作业范围未经审批的不干；未在接地保护范围内的不干；现场安全措施布置不到位、安全工器具不合格的不干；杆塔根部、基础和拉线不牢固的不干；高处作业防坠落措施不完善的不干；有限空间内气体含量未经检测或检测不合格的不干；工作负责人（专责监护人）不在现场的不干。
814,专业题库,04简答题,国家电网有限公司作业安全风险管控工作规定的“六优先”指的是什么？,\,"（1）人身风险隐患优先处理。
（2）重要变电站（换流站）隐患优先处理。
（3）重要输电线路隐患优先处理。
（4）严重设备缺陷优先处理。
（5）重要用户设备缺陷优先处理。
（6）新设备及重大生产改造工程优先安排。"
815,专业题库,04简答题,输变电工程建设施工安全风险管理规程重大风险指是什么？,\,指三级及以上风险，含三级风险（显著风险）、二级风险（高度风险）、一级风险（极高风险）。
